Category,Displayed Name,ProdId,Description,SalesGroup,Weight (g),GHG Emission (g),N lost (g),Land Use (m^2),Freshwater Withdrawals (L),Stress-Weighted Water Use (L),GHG Emission (g) / 100g,N lost (g) / 100g,Freshwater Withdrawals (L) / 100g,Stress-Weighted Water Use (L) / 100g,Land Use (m^2) / 100g,GHG Only Label,Combined Label,RED,YELLOW,GREEN
Caliente , Black bean soup,R-54947,CAL|Black bean soup|AAD,GV - CALIENTE,405,642.8720622,3.699892932,3.714369495,53.6,1723.18,158.73,0.91,13.23,425.48,0.92,Green,Green,,,TRUE
Caliente , Guacamole bowl,R-55154,CAL|Bowl|Guacamole|AAD,GV - CALIENTE,345,577.3123119,3.412345671,1.652956116,115.97,3039.52,167.34,0.99,33.61,881.02,0.48,Green,Green,,,TRUE
Caliente , Havana Add Chicken Bowl,R-62018,CAL|Bowl|Havana|Add Chicken,GV - CALIENTE,430,1036.107243,15.53235955,3.66340582,125.84,764.43,240.96,3.61,29.27,177.77,0.85,Yellow,Yellow,,TRUE,
Caliente , Havana Add Scallop Bowl,R-64909,CAL|Bowl|Havana|Add Scallop,GV - CALIENTE,390,658.3337766,6.220996639,2.299315122,83.4,677.48,168.8,1.6,21.38,173.71,0.59,Green,Green,,,TRUE
Caliente , Havana Plant-based Bowl,R-35896,CAL|Bowl|Havana|Plant based,GV - CALIENTE,415,685.1786876,2.802185663,2.710240713,83.81,673.23,165.1,0.68,20.2,162.22,0.65,Green,Green,,,TRUE
Caliente , Latino bowl,R-35900,CAL|Bowl|Latino|AAD,GV - CALIENTE,390,684.3171286,3.143742074,3.079188779,71.62,1748.27,175.47,0.81,18.36,448.27,0.79,Green,Green,,,TRUE
Caliente , Pozole tater tot bowl,R-68790,CAL|Bowl|Pozole-tots|AAD,GV - CALIENTE,382,1690.857387,19.36132172,4.031083784,238.8,7197.14,442.63,5.07,62.51,1884.07,1.06,Red,Red,TRUE,,
Caliente , Roja tots bowl,R-17487,CAL|Bowl|Roja-tots|AAD,GV - CALIENTE,442,709.5539759,8.636349162,1.192574138,87.61,2568.93,160.53,1.95,19.82,581.21,0.27,Green,Green,,,TRUE
Caliente , Siesta bowl,R-44634,CAL|Bowl|Siesta|AAD,GV - CALIENTE BRUNCH,487,999.057417,8.992916527,3.025993286,117.13,3082.07,205.15,1.85,24.05,632.87,0.62,Yellow,Yellow,,TRUE,
Caliente , Jelepeno enchilada,R-46511,CAL|Enchilada|Jalepeno ricotta,GV - CALIENTE,617,1015.712134,10.2656127,2.466896683,163.42,5883.83,164.62,1.66,26.49,953.62,0.4,Green,Yellow,,TRUE,
Caliente , Quesadilla bowl,R-56647,CAL|quesadillia|bowl,SPECIALS,248,511.893736,4.713411747,1.481542869,96.15,3598.1,206.41,1.9,38.77,1450.85,0.6,Yellow,Yellow,,TRUE,
Caliente , Fire roasted prepper quesadilla,R-69619,CAL|Rst pepper quesadilla|AAD,SPECIALS,213,552.0112407,5.284607836,1.446695415,102.67,4162.45,259.16,2.48,48.2,1954.2,0.68,Yellow,Yellow,,TRUE,
Caliente , Salsa & chips,R-44889,CAL|Side|Chips & Salsa,GV - CALIENTE,230.5,56.273559,1.307595,0.07370844,2.16,111.79,24.41,0.57,0.94,48.5,0.03,Green,Green,,,TRUE
Caliente , Guacamole,R-44791,CAL|Side|Guacamole,GV - CALIENTE,45,20.24054582,0.119628755,0.037047001,0.19,1.73,44.98,0.27,0.42,3.84,0.08,Green,Green,,,TRUE
Caliente , Pico + chip,R-47363,CAL|Side|Pico de Gallo,GV - CALIENTE,120,79.1909549,1.046849301,0.04077218,8.02,450.71,65.99,0.87,6.68,375.59,0.03,Green,Green,,,TRUE
Caliente , Quinoa Tortilla Soup,R-35269,CAL|SOUP|Quinoa Tortilla|350ml,FOOD,545,444.1092156,3.154146351,1.219735318,85.81,2726.38,81.49,0.58,15.74,500.25,0.22,Green,Green,,,TRUE
Caliente , Pork Belly Tortilla Soup,R-65938,CAL|Soup|Tortilla + pork belly,GV - CALIENTE,460,812.9743657,9.356704596,2.03916875,146.01,4430.98,176.73,2.03,31.74,963.26,0.44,Green,Yellow,,TRUE,
Caliente , Chicken Tortilla Soup,R-44511,CAL|Soup|Tortilla Chicken|350,GV - CALIENTE,418,886.775168,16.38995004,2.535348062,95.82,1963.01,212.15,3.92,22.92,469.62,0.61,Yellow,Yellow,,TRUE,
Caliente , Veggie Tortilla Soup,R-64102,CAL|Soup|Tortilla veggie|AAD,GV - CALIENTE,408,372.1497611,3.043346747,1.177035993,52.36,1831.8,91.21,0.75,12.83,448.97,0.29,Green,Green,,,TRUE
Caliente , Black bean & hominy taco,R-68789,CAL|taco|Bean& Hominy(1)|AAD,GV - CALIENTE,357,580.9121137,4.527152062,2.201213124,105.3,3228.43,162.72,1.27,29.5,904.32,0.62,Green,Yellow,,TRUE,
Caliente , Cauliflower taco,R-62017,CAL|Taco|Cauliflower(1)AAD,GV - CALIENTE,339,500.4203153,4.746886741,1.576635154,117.67,3713.82,147.62,1.4,34.71,1095.52,0.47,Green,Yellow,,TRUE,
Caliente , Chorizo taco,R-50528,CAL|Taco|Chorizo|SP|AAD,GV - CALIENTE FEATURE,431.08184,2489.698166,32.24922838,5.700849819,489.88,14756.08,577.55,7.48,113.64,3423.03,1.32,Red,Red,TRUE,,
Caliente , Crispy chicken taco,R-64940,CAL|Taco|crispy Chicken(1)|AAD,GV - CALIENTE,189,451.6542603,7.784066225,1.233617025,69.76,1611.46,238.97,4.12,36.91,852.62,0.65,Yellow,Yellow,,TRUE,
Caliente , Cod taco,R-35879,CAL|Taco|ocean wise|Cod(1)|AAD,GV - CALIENTE,380,832.1555335,8.6112111,1.965966762,211.66,4680.2,218.99,2.27,55.7,1231.63,0.52,Yellow,Yellow,,TRUE,
Caliente , Prawn taco,R-56711,CAL|Taco|Oceanwise|Prawn(1),GV - CALIENTE,353,880.9612934,5.572545979,1.4098436,130.05,4257.83,249.56,1.58,36.84,1206.18,0.4,Yellow,Yellow,,TRUE,
Caliente , Shrimp taco,R-61837,CAL|Taco|Oceanwise|Shrimp(1),GV - CALIENTE FEATURE,319,1179.165089,6.383942923,1.328357354,147.02,4940.77,369.64,2,46.09,1548.83,0.42,Yellow,Yellow,,TRUE,
Caliente , Picadillo Beef taco,R-68791,CAL|Taco|Picadillo Beef(1),GV - CALIENTE,387,3059.587291,24.92947653,9.229573169,211.89,7317.01,790.59,6.44,54.75,1890.7,2.38,Red,Red,TRUE,,
Caliente , Corn and goat cheese taco,R-57235,CAL|Taco|plant based|corn(1),GV - CALIENTE FEATURE,345,548.7201698,4.918143088,1.931104203,112.47,3600.58,159.05,1.43,32.6,1043.65,0.56,Green,Yellow,,TRUE,
Caliente , Pulled pork taco,R-44583,CAL|Taco|Pulled pork(1)|AAD,GV - CALIENTE,360,1226.336805,14.05653634,2.930460776,241.16,7399.1,340.65,3.9,66.99,2055.31,0.81,Yellow,Red,TRUE,,
Caliente , Spanich feta taco,R-54196,CAL|Taco|Spinach feta,SPECIALS,292,715.465834,7.246204851,1.404254008,135.09,5163.57,245.02,2.48,46.26,1768.35,0.48,Yellow,Yellow,,TRUE,
Caliente , Steak taco,R-55282,CAL|Taco|Steak(1)|AAD,GV - CALIENTE,337,3972.322023,31.71501274,12.29527297,244.84,8337.98,1178.73,9.41,72.65,2474.18,3.65,Red,Red,TRUE,,
Caliente , Sweet potato taco,R-35882,CAL|Taco|Sweet Potato|1 pc|AAD,FT BUENO,230,271.4325715,2.518418844,0.729033483,52.85,1644.43,118.01,1.09,22.98,714.97,0.32,Green,Green,,,TRUE
Gyaza , Acorn squash bowl,R-50363,GZA|Bowl|Acorn Squash|AAD,GV GYAZA,395,576.3748406,1.929179678,0.944057671,231.22,803.91,145.92,0.49,58.54,203.52,0.24,Green,Green,,,TRUE
Gyaza , Bibimbap bowl,R-49761,GZA|Bowl|Bibimbap Tofu,GV GYAZA,480,867.8638784,3.710334432,1.098851249,249.98,1576.2,180.8,0.77,52.08,328.38,0.23,Green,Green,,,TRUE
Gyaza , Togorash corn bowl,R-68822,GZA|Bowl|Corn togorashi ,GV GYAZA,345.6,637.2780162,1.980687112,1.233087258,233.82,835.23,184.4,0.57,67.66,241.68,0.36,Green,Green,,,TRUE
Gyaza , Crispy Cauliflower bowl,R-64725,GZA|Bowl|Crispy Cauli Bowl,GV GYAZA,453.6,759.410586,3.967780111,1.603493781,270.72,2191.08,167.42,0.87,59.68,483.04,0.35,Green,Green,,,TRUE
Gyaza , Karaage chicken bowl,R-50362,GZA|Bowl|Karaage Chicken|AAD,GV GYAZA,478,1139.885331,16.61568558,2.504236075,281.75,1147.5,238.47,3.48,58.94,240.06,0.52,Yellow,Yellow,,TRUE,
Gyaza , Kitsilano bowl,R-54342,GZA|Bowl|Kitsilano Tofu|AAD,GV GYAZA,385,746.7119482,2.007850368,1.571150551,230.04,751.23,193.95,0.52,59.75,195.12,0.41,Yellow,Green,,,TRUE
Gyaza , Salmon shiso bowl,R-50360,GZA|Bowl|Salmon ponzu,GV GYAZA,462,963.8358746,8.581895858,1.271134022,369.99,1815.41,208.62,1.86,80.08,392.95,0.28,Yellow,Green,,,TRUE
Gyaza , Spicy tuna bowl,R-65512,GZA|Bowl|Spicy albacore Tuna,GV GYAZA,516,1152.476703,9.018663949,2.109138934,390.82,2260.63,223.35,1.75,75.74,438.11,0.41,Yellow,Green,,,TRUE
Gyaza , Spicy beef bowl,R-50361,GZA|Bowl|Spicy Beef|AAD,GV GYAZA,405,7559.768419,58.40628516,22.32970193,519.83,11363.46,1866.61,14.42,128.35,2805.79,5.51,Red,Red,TRUE,,
Gyaza , Dashi & dumpling,R-51249,GZA|Dashi+Dumps|AAD,GV GYAZA,333,23.66132333,0.09363619,0.079570333,4.18,254.77,7.11,0.03,1.26,76.51,0.02,Green,Green,,,TRUE
Gyaza , Ramen broth,R-68982,GZA|ramen broth|Udon,SPECIALS,225,35.28764063,0.29701875,0.087934688,1.51,45.36,15.68,0.13,0.67,20.16,0.04,Green,Green,,,TRUE
Gyaza , Miso soup,R-50508,GZA|Soup|Miso|AAD,GV GYAZA,485,97.78483104,0.353786616,0.251479737,1.09,11.67,20.16,0.07,0.22,2.41,0.05,Green,Green,,,TRUE
,,R-56008,BEV|Rise Kombucha|Blueberry,BEVERAGE,1,0,0,0,0,0,0,0,0,0,0,Green,Green,,,TRUE
Beverage , Ginger Kombucha,R-56005,BEV|Rise Kombucha|Ginger,BEVERAGE,1,0,0,0,0,0,0,0,0,0,0,Green,Green,,,TRUE
Beverage , Blueberry Kombucha,R-56040,BEV|Tonica Kombucha|Blueberry,BEVERAGE,1,0,0,0,0,0,0,0,0,0,0,Green,Green,,,TRUE
Beverage , Grapefruit Kombucha,R-56009,BEV|Tonica Kombucha|Grapefruit,BEVERAGE,1,0,0,0,0,0,0,0,0,0,0,Green,Green,,,TRUE
Beverage , Green Tea Kombucha,R-56027,BEV|Tonica Kombucha|Green Tea,BEVERAGE,1,0,0,0,0,0,0,0,0,0,0,Green,Green,,,TRUE
Beverage , Mango Kombucha,R-56004,BEV|Tonica Kombucha|Mango,BEVERAGE,1,0,0,0,0,0,0,0,0,0,0,Green,Green,,,TRUE
Beverage , Original Kombucha,R-55997,BEV|Tonica Kombucha|Original,BEVERAGE,1,0,0,0,0,0,0,0,0,0,0,Green,Green,,,TRUE
Beverage , Peach Kombucha,R-56072,BEV|Tonica Kombucha|Peach,BEVERAGE,1,0,0,0,0,0,0,0,0,0,0,Green,Green,,,TRUE
Beverage , Cola Kombucha,R-56106,BEV|Wild Tea Kombucha|Cola,BEVERAGE,1,0,0,0,0,0,0,0,0,0,0,Green,Green,,,TRUE
Beverage , Crm Kombucha,R-56313,BEV|Wild Tea Kombucha|Crm Soda,BEVERAGE,1,0,0,0,0,0,0,0,0,0,0,Green,Green,,,TRUE
Beverage , Orange Kombucha,R-56026,BEV|Wild Tea Kombucha|Orange,BEVERAGE,1,0,0,0,0,0,0,0,0,0,0,Green,Green,,,TRUE
Beverage , Rootberry Kombucha,R-56512,BEV|Wild Tea Kombucha|Rootbeer,BEVERAGE,1,0,0,0,0,0,0,0,0,0,0,Green,Green,,,TRUE
Delish , Apple Pecan Salad,R-58379,DEL|Salad|Apple pecan ,GV - DELISH,320,576.1514674,5.212709373,1.209419866,95.65,5166.25,180.05,1.63,29.89,1614.45,0.38,Green,Yellow,,TRUE,
Delish , Avocado Truffle,R-62269,DEL|Salad|Avocado truffle,SPECIALS,210,219.4086484,1.485948455,0.583216763,13.92,544.03,104.48,0.71,6.63,259.06,0.28,Green,Green,,,TRUE
Delish , Baja goat cheese,R-55142,DEL|Salad|Baja goat cheese,GV - DELISH,390,851.7834086,5.833109815,2.73083559,125.75,6194.94,218.41,1.5,32.24,1588.45,0.7,Yellow,Yellow,,TRUE,
Delish , Baja chicken salad,R-64467,DEL|Salad|Baja|CHICKEN,GV - DELISH,465,1282.299842,17.17115761,3.861804708,161.69,6227.37,275.76,3.69,34.77,1339.22,0.83,Yellow,Yellow,,TRUE,
Delish , Bandit,R-46547,DEL|Salad|Bandit,GV - DELISH,295,496.3628579,4.901992561,0.670003447,60.74,2820.88,168.26,1.66,20.59,956.23,0.23,Green,Green,,,TRUE
Delish , Bandit chicken salad,R-62529,DEL|Salad|Bandit|Chicken,GV - DELISH,370,936.4072917,16.24004036,1.889772564,94.54,2816.82,253.08,4.39,25.55,761.3,0.51,Yellow,Yellow,,TRUE,
Delish , Caesar classic,R-50302,DEL|Salad|Caesar Classic,GV - DELISH,280.5,627.1426095,4.777680896,1.694390696,70.52,3434.6,223.58,1.7,25.14,1224.46,0.6,Yellow,Yellow,,TRUE,
Delish , Caesar spicy,R-62019,DEL|Salad|Caesar spicy,GV - DELISH,260.5,395.3355926,4.240479075,0.760134122,61.92,2998.68,151.76,1.63,23.77,1151.12,0.29,Green,Yellow,,TRUE,
Delish , COBB,R-50301,DEL|Salad|Cobb ,GV - DELISH,400,688.9892728,8.147690556,1.820915067,85.76,3658.01,172.25,2.04,21.44,914.5,0.46,Green,Yellow,,TRUE,
Delish , Gather Greenary,R-57281,DEL|Salad|Gather Greenery,GV - DELISH,220,181.6411331,1.555385346,0.538549777,16.69,544.59,82.56,0.71,7.59,247.54,0.24,Green,Green,,,TRUE
Delish , Greek Salad,R-55144,DEL|Salad|Greek,GV - DELISH,293,674.2476067,6.953733833,1.045072756,94.39,4664.42,230.12,2.37,32.22,1591.95,0.36,Yellow,Yellow,,TRUE,
Delish , Marinated tofu salad,R-44324,DEL|Salad|Marinated Tofu,GV - DELISH,352,353.1304848,2.441434236,0.973829525,15.8,567.29,100.32,0.69,4.49,161.16,0.28,Green,Green,,,TRUE
Delish , Mediteranean Chicken Salad,R-40545,DEL|Salad|Mediteranean Chicken,GV - DELISH,545,1106.299461,19.48919659,2.855262135,147.98,2745.93,202.99,3.58,27.15,503.84,0.52,Yellow,Yellow,,TRUE,
Delish , Spicy caesar chicken,R-56513,DEL|Salad|Spicy Caesar Chicken,GV - DELISH,340.5,870.4040264,16.04502687,1.94340324,105.66,3433.42,255.63,4.71,31.03,1008.35,0.57,Yellow,Yellow,,TRUE,
Delish , Almonds are forever,R-56613,DEL|Smoothie|Almonds forever,GV - DELISH,71,377.4356904,1.461841346,0.965369231,106.5,7118.38,531.6,2.06,150,10025.89,1.36,Red,Red,TRUE,,
Delish , Banana Matcha,R-44306,DEL|Smoothie|Banana Matcha ,GV - DELISH,1,0.780648125,0.004219035,0.001520083,0.2,11.7,78.06,0.42,20,1170,0.15,Green,Green,,,TRUE
Delish , Blueberry boost,R-43697,DEL|Smoothie|Blueberry Boost ,GV - DELISH,1,4.520079494,0.018894668,0.003462491,0.77,32.31,452.01,1.89,77,3231,0.35,Red,Red,TRUE,,
Delish , C++,R-55185,DEL|Smoothie|C++,GV - DELISH,1,1.197754198,0.005269876,0.002916909,0.01,0.04,119.78,0.53,1,4,0.29,Green,Green,,,TRUE
,,R-44591,DEL|Smoothie|Chocohlic ,GV - DELISH,1,2.244144911,0.005474261,0.007008349,0.13,5,224.41,0.55,13,500,0.7,Yellow,Green,,,TRUE
Delish , Delish Blueberry,R-36817,DEL|Smoothie|Delish,GV - DELISH,1,2.867474169,0.012588542,0.00280904,0.41,17.4,286.75,1.26,41,1740,0.28,Yellow,Yellow,,TRUE,
Delish , Green means go,R-56680,DEL|Smoothie|Green means go,GV - DELISH,1,0.826275546,0.006488416,0.00167558,0.21,6.93,82.63,0.65,21,693,0.17,Green,Green,,,TRUE
Delish , Hawaiian Sun,R-40466,DEL|Smoothie|Hawaiian Sun,GV - DELISH,348,168.2868594,0.822512118,0.346723878,9.64,620.67,48.36,0.24,2.77,178.35,0.1,Green,Green,,,TRUE
,,R-50298,DEL|Smoothie|Nojito,GV - DELISH,1,0.146364281,0.000608014,0.000217643,0,0.09,14.64,0.06,0,9,0.02,Green,Green,,,TRUE
Delish , Orange zinger,R-36814,DEL|Smoothie|Orange Zinger,GV - DELISH,175,150.3249251,1.093971004,0.385330747,4.94,155.6,85.9,0.63,2.82,88.91,0.22,Green,Green,,,TRUE
Delish , Rise & Shine,R-36763,DEL|Smoothie|Rise & Shine,GV - DELISH,1,1.607073495,0.00825705,0.001948828,0.24,10.22,160.71,0.83,24,1022,0.19,Green,Green,,,TRUE
Delish , Strawberry cupid,R-49036,DEL|Smoothie|Strwbry Cupid,GV - DELISH,1,7.412514492,0.047002769,0.009094246,1.2,52.45,741.25,4.7,120,5245,0.91,Red,Red,TRUE,,
Fresh Fare PM , Thomato basil spagetti,R-55234,FF|Pasta|Tomato basil|AAD,GV FRESH FARE DAY,297,460.673466,4.6961796,1.151616021,107.71,3768.01,155.11,1.58,36.27,1268.69,0.39,Green,Yellow,,TRUE,
,,R-61887,FLX|lettuce wrap pork,GV - FLEX BC,229,1156.227583,13.74201471,2.280136214,274.88,8357.1,504.9,6,120.03,3649.39,1,Red,Red,TRUE,,
,,R-55059,FLX|Lettuce wrap Tofu,GV - FLEX BC,229,407.8892588,1.638412991,0.838950296,66.29,3078.84,178.12,0.72,28.95,1344.47,0.37,Green,Yellow,,TRUE,
Delish , Sesame Chicken 1,R-61883,FLX|Sesame shallot chicken,GV - FLEX BC,207,729.2138384,17.47852585,1.92487184,62.06,575.27,352.28,8.44,29.98,277.91,0.93,Yellow,Red,TRUE,,
Delish , Seasame Chicken 2,R-61884,FLX|Sesame shallot chicken +1,GV - FLEX BC,396.5,1212.005114,21.51474272,2.784186937,204.05,3600.79,305.68,5.43,51.46,908.14,0.7,Yellow,Yellow,,TRUE,
Delish , Sesame Chicken 3,R-61889,FLX|Sesame shallot chicken +2,GV - FLEX BC,586,1694.796389,25.55095959,3.643502034,346.05,6626.31,289.21,4.36,59.05,1130.77,0.62,Yellow,Yellow,,TRUE,
Delish , Kale,R-37735,G&G|Salad|Caesar Kale,PRODUCTION FOOD,234,0,0,0,0,0,0,0,0,0,0,Green,Green,,,TRUE
Sandwhich , Egg salad 1,R-37738,G&G|Sand|Egg Salad Russian,PRODUCTION FOOD,1,0,0,0,0,0,0,0,0,0,0,Green,Green,,,TRUE
Sandwhich , Egg salad 2,R-65798,G&G|Sand|Egg Salad Russian.,PRODUCTION FOOD,1,0,0,0,0,0,0,0,0,0,0,Green,Green,,,TRUE
Grill AM , Breakfast BLT,R-54377,GR|Sandwich|Classic BLT|AAD,SANDWICHES,293.175,1340.609687,16.00585676,3.16405186,214.42,6635.75,457.27,5.46,73.14,2263.41,1.08,Red,Red,TRUE,,
Sandwhich , Prawn Po'Boy,R-60982,GRL|Prawn po-boy|FT,GV GRILL FEATURE,328,2216.94634,9.563990088,1.612571096,201.22,6281.5,675.9,2.92,61.35,1915.09,0.49,Red,Red,TRUE,,
Delish , Chef's,R-34864,GRL|Salad|Chef,OK - GRILL KITCHEN DAY,229.0000054,731.6433145,11.15503639,1.336308614,98,3495.36,319.49,4.87,42.79,1526.36,0.58,Yellow,Yellow,,TRUE,
Delish , Chop Chop,R-61740,GRL|Salad|Chop Chop,OK - GRILL KITCHEN DAY,200,353.5353067,2.69061697,1.175301022,33.34,1644.66,176.77,1.35,16.67,822.33,0.59,Green,Yellow,,TRUE,
Delish , Nicoise,R-56461,GRL|Salad|Nicoise,OK - GRILL BRUNCH,240,449.4993989,4.652355838,1.19513198,74.35,1348.91,187.29,1.94,30.98,562.05,0.5,Green,Green,,,TRUE
,,R-43886,SAND|Falafel Full Build,GV-SANDWICH,300,850.8043628,7.660601162,2.958713331,162.6,5246.08,283.6,2.55,54.2,1748.69,0.99,Yellow,Yellow,,TRUE,
Delish , Hulk Bowl,R-56539,VEG|Hulk Bowl,OK- VEGETARIAN KITCHEN FEATURE,203.0000109,182.230227,1.000021225,0.557847213,7.07,257.69,89.77,0.49,3.48,126.94,0.27,Green,Green,,,TRUE
Fresh Fare PM , Bibimbap bowl,R-54202,FF|Bibimbap Bowl|AAD,GV FRESH FARE DAY,532,811.5618439,5.908469011,1.613587551,172.87,2884.58,152.55,1.11,32.49,542.21,0.3,Green,Green,,,TRUE
Fresh Fare AM , Asparagus Scramble,R-64951,FF|Bowl|Asparagus scramble|AAD,GV FRESH FARE BREAKFAST,385,1399.444984,14.94268862,4.392798205,151.36,5585.06,363.49,3.88,39.31,1450.66,1.14,Yellow,Red,TRUE,,
Fresh Fare AM , Black bean bowl,R-27275,FF|Bowl|Black Bean Break|AAD,GV FRESH FARE BREAKFAST,407,769.8833699,7.851899259,3.028087706,89.49,2437.57,189.16,1.93,21.99,598.91,0.74,Green,Yellow,,TRUE,
Fresh Fare AM , Chili Miso Scramble,R-65942,FF|Bowl|chilimiso scramble|AAD,GV FRESH FARE BREAKFAST,310,716.4629093,9.913975998,1.982775771,98.24,2956.26,231.12,3.2,31.69,953.63,0.64,Yellow,Yellow,,TRUE,
Fresh Fare PM , Dobanjiang Bowl,R-43738,FF|BOWL|Dobanjiang Noodle|AAD ,OK - VEGETARIAN KITCHEN,319,425.7036192,5.051073882,1.036819992,78.07,2638.35,133.45,1.58,24.47,827.07,0.33,Green,Green,,,TRUE
Fresh Fare PM , Fajita veg bowl,R-57179,FF|Bowl|Fajita VEG|AAD,GV FRESH FARE DAY,460,728.5101372,3.777603798,2.634747931,164.84,1802.7,158.37,0.82,35.83,391.89,0.57,Green,Green,,,TRUE
Fresh Fare PM , Kale bowl,R-54039,FF|Bowl|Kale|AAD,GV FRESH FARE DAY,293,299.2902126,3.330230794,0.945637923,35.41,1141.34,102.15,1.14,12.09,389.54,0.32,Green,Green,,,TRUE
Fresh Fare PM , Mediterranean bowl,R-55057,FF|Bowl|Mediterranean|AAD,GV FRESH FARE DAY,375,896.3358302,6.609733635,2.812634046,138.21,3922.38,239.02,1.76,36.86,1045.97,0.75,Yellow,Yellow,,TRUE,
Fresh Fare PM , King Oyster bowl,R-64398,FF|Bowl|OysterMushroom|AAD,SPECIALS,355,390.2478813,2.386571527,0.599606187,165.76,963.37,109.93,0.67,46.69,271.37,0.17,Green,Green,,,TRUE
Grill AM , Asparagus poached eggs bowl,R-61859,FF|Bowl|Poached Egg Asparagus,GV FRESH FARE DAY,390,901.0475817,7.703609613,1.53863649,218.88,2697.4,231.04,1.98,56.12,691.64,0.39,Yellow,Yellow,,TRUE,
Fresh Fare AM , Zucchini poached egg bowl,R-65761,FF|Bowl|Poached Egg Zuc.|AAD,GV FRESH FARE DAY,410,854.7161476,7.463972072,1.447164054,217.29,2571.29,208.47,1.82,53,627.14,0.35,Yellow,Green,,,TRUE
Fresh Fare AM , Polenta Bowl,R-35341,FF|Bowl|Polenta|AAD,OK - SIDES,265,748.4005423,6.422911125,1.190110181,64.28,3419.03,282.42,2.42,24.26,1290.2,0.45,Yellow,Yellow,,TRUE,
Fresh Fare PM , Roasted squash bowl,R-50333,FF|Bowl|Roasted squash|AAD,GV FRESH FARE DAY,375,373.9556988,2.356634361,0.812781892,102.05,724.98,99.72,0.63,27.21,193.33,0.22,Green,Green,,,TRUE
Fresh Fare AM , Salsa verde Scramble,R-65513,FF|Bowl|Salsa scramble|AAD,GV FRESH FARE BREAKFAST,375,928.2154369,11.24895388,2.553462287,108.16,3342.38,247.52,3,28.84,891.3,0.68,Yellow,Yellow,,TRUE,
Fresh Fare PM , Thai coconut bowl,R-40621,FF|Bowl|Thai Coconut|AAD,GV FRESH FARE DAY,383,341.1491459,2.036569399,0.6176497,101.65,521.62,89.07,0.53,26.54,136.19,0.16,Green,Green,,,TRUE
Fresh Fare AM , White bean breakfast bowl,R-51215,FF|Bowl|White bean breaky|AAD,GV FRESH FARE BREAKFAST,415,896.2729658,7.118673363,2.059850696,170.2,3268.38,215.97,1.72,41.01,787.56,0.5,Yellow,Yellow,,TRUE,
Fresh Fare PM , Brussel sprout pasta,R-56895,FF|Brussel Sprout Pasta|AAD,OK - GLOBAL KITCHEN ,337,710.7595357,4.305411353,2.171377333,100.52,4918.67,210.91,1.28,29.83,1459.55,0.64,Yellow,Yellow,,TRUE,
Fresh Fare AM , Overnight Oats Apple Cin,R-61853,FF|Overnight oats|AppleCin|AAD,GV FRESH FARE BREAKFAST,370,452.9633479,1.2689475,1.172334761,124.2,5476.81,122.42,0.34,33.57,1480.22,0.32,Green,Green,,,TRUE
Fresh Fare AM , Overnight Oats Banana,R-61855,FF|Overnight oats|Bannana|AAD,GV FRESH FARE BREAKFAST,350,448.0750376,1.377729435,1.139158172,136.21,6703.13,128.02,0.39,38.92,1915.18,0.33,Green,Yellow,,TRUE,
Fresh Fare AM , Overnight Oats Blackberry,R-66411,FF|Overnight oats|black|AAD,GV FRESH FARE BREAKFAST,390,538.7968156,1.490358007,1.181076224,157.4,7553.88,138.15,0.38,40.36,1936.89,0.3,Green,Yellow,,TRUE,
Fresh Fare AM , Overnight Oats Strawberry,R-69124,FF|Overnight oats|straw|AAD,GV FRESH FARE BREAKFAST,365,480.5490609,1.399813585,1.149891893,144.59,7040.49,131.66,0.38,39.61,1928.9,0.32,Green,Yellow,,TRUE,
Fresh Fare PM , Artichoke Penne,R-47827,FF|Pasta|Artichoke Penne|AAD,GV FRESH FARE FEATURE,347,856.3441705,8.458465902,1.589650641,145.65,6022.49,246.79,2.44,41.97,1735.59,0.46,Yellow,Yellow,,TRUE,
Fresh Fare PM , Spagetti Blanco,R-68820,FF|Pasta|blanco|AAD,SPECIALS,315,500.823,3.2679,1.132672,127.86,7033.55,158.99,1.04,40.59,2232.87,0.36,Green,Yellow,,TRUE,
Fresh Fare PM , Mushroom duxcell spagetti,R-68821,FF|Pasta|Duxcell Spaghetti,SPECIALS,307.3053333,285.7022352,3.020467469,0.804018225,60.94,1984.44,92.97,0.98,19.83,645.76,0.26,Green,Green,,,TRUE
Fresh Fare PM , Avocado spinach pasta,R-36568,FF|Pasta|Spinach Avocado|AAD,GV FRESH FARE DAY,312,438.0568538,3.657684884,1.202987659,80.88,2880.57,140.4,1.17,25.92,923.26,0.39,Green,Green,,,TRUE
Fresh Fare PM , Ratatoullie,R-54608,FF|Ratatoullie|bowl|AAD,GV FRESH FARE FEATURE,365,535.1343063,4.782479966,0.882531856,144.84,2746.3,146.61,1.31,39.68,752.41,0.24,Green,Green,,,TRUE
Fresh Fare PM , Mushroom risotto,R-47096,FF|Risotto|Mushroom|Herbs&chee,GV FRESH FARE FEATURE,300,487.106011,2.172147806,1.138055195,98.44,1049.28,162.37,0.72,32.81,349.76,0.38,Green,Green,,,TRUE
Fresh Fare PM , Risotto primaverra,R-55151,FF|Risotto|Primavera|AAD,GV FRESH FARE FEATURE,283,381.3718905,2.415655505,0.992595124,99.31,1122.51,134.76,0.85,35.09,396.65,0.35,Green,Green,,,TRUE
Fresh Fare PM , Squash risotto,R-55148,FF|Risotto|Squash|Herbs&cheese,GV FRESH FARE FEATURE,280,348.098285,2.461548746,0.660608481,101.58,1175.14,124.32,0.88,36.28,419.69,0.24,Green,Green,,,TRUE
Fresh Fare PM , UBC Power salad,R-36574,FF|Salad|UBC Power|AAD,GV FRESH FARE DAY,390,492.7834579,2.288748612,1.335161446,81.71,3079.48,126.35,0.59,20.95,789.61,0.34,Green,Green,,,TRUE
Fresh Fare PM , Spagetti Puttanesca,R-50694,FF|Spaghetti Puttanesca|AAD,GV FRESH FARE DAY,351.5,434.2610642,3.40254249,1.244730981,70.32,2731.73,123.55,0.97,20.01,777.16,0.35,Green,Green,,,TRUE
Fresh Fare AM , Beans on Toast,R-56719,FF|Toast|Beans On Toast|AAD,GV FRESH FARE DAY,109.1875,225.9971204,1.443105533,0.807841538,18,896.94,206.98,1.32,16.49,821.47,0.74,Yellow,Yellow,,TRUE,
Fresh Fare AM , Bruscetta toast,R-61875,FF|Toast|Bruscetta|AAD,GV FRESH FARE DAY,154.1875,359.6593019,3.865689263,0.622416724,41.19,1313.58,233.26,2.51,26.71,851.94,0.4,Yellow,Yellow,,TRUE,
Fresh Fare AM , Farm Veg Toast,R-56718,FF|Toast|Farm Veg toast|AAD,GV FRESH FARE DAY,196.1875,199.499777,1.603021674,0.792979949,14.17,719.91,101.69,0.82,7.22,366.95,0.4,Green,Green,,,TRUE
Fresh Fare AM , Mushroom garlic Toast,R-61874,FF|Toast|Mushroom toast|AAD,GV FRESH FARE DAY,169.1875,366.5297273,3.001152066,0.968973316,29.8,1240.38,216.64,1.77,17.61,733.14,0.57,Yellow,Yellow,,TRUE,
Fresh Fare AM , Primavera Toast,R-68811,FF|Toast|primavera|AAD,GV FRESH FARE DAY,99.1875,69.767387,0.845694039,0.157269377,7.44,313.14,70.34,0.85,7.5,315.71,0.16,Green,Green,,,TRUE
Fresh Fare AM , Shaved Fennel Toast,R-65943,FF|Toast|Shaved fennel|AAD,GV FRESH FARE DAY,185.1875,586.1552009,6.54285346,1.19576158,72.7,2022.96,316.52,3.53,39.26,1092.38,0.65,Yellow,Yellow,,TRUE,
Fresh Fare AM , Smashed Avocado Toast,R-36669,FF|Toast|Smashed Avocado|AAD,GV FRESH FARE DAY,215.375,206.672273,0.637488059,0.532667601,13.29,836.87,95.96,0.3,6.17,388.56,0.25,Green,Green,,,TRUE
Fresh Fare PM , Yaki soba noodle,R-36552,FF|Yaki Soba Miso Noodle|AAD,GV FRESH FARE DAY,683,472.6824636,5.095503008,1.628363455,104.75,3320.42,69.21,0.75,15.34,486.15,0.24,Green,Green,,,TRUE
,,R-54557,FLX|GLB|Garlic Flatbread,GV FLEX GLOBAL BOWL,35.20833333,87.73543858,0.830537308,0.203697624,16.45,569.89,249.19,2.36,46.72,1618.62,0.58,Yellow,Yellow,,TRUE,
Fresh Fare PM , Gather bowl,R-45981,FREE|Greens|Gather Bowl,GV FRESH FARE DAY,660,654.0126318,4.06434184,2.642011875,106.42,2149.67,99.09,0.62,16.12,325.71,0.4,Green,Green,,,TRUE
Grill AM , White bean borrito bowl,R-44316,GRL|BOWL|White Bean|AAD,GV - GRILL BREAKFAST,505,1363.664723,14.20138025,3.61509815,223.88,5880.17,270.03,2.81,44.33,1164.39,0.72,Yellow,Yellow,,TRUE,
Fresh Fare PM , Miso eggplant bowl,R-67295,GZA|BowlEggplant miso|AAD,GV GYAZA,542,821.8142118,4.286658519,1.513774767,288.67,3975.03,151.63,0.79,53.26,733.4,0.28,Green,Green,,,TRUE
Fresh Fare AM , breakfast Quesadilla,R-56509,HS|Quesadilla|Breakfast,FT BUENO,360,1668.297255,17.33726095,3.108952601,246.07,11678.79,463.42,4.82,68.35,3244.11,0.86,Red,Red,TRUE,,
Fresh Fare PM , Curried Chickpea Bowl,R-32886,VEG|Bowl|Curried Chickpea,FEAST,425,693.2987719,3.717370756,3.228671967,135.87,2078.32,163.13,0.87,31.97,489.02,0.76,Green,Green,,,TRUE
Fresh Fare PM , Falafel bowl,R-55942,VEG|Falafel bowl|Med,FEAST,283,560.3225172,2.721318138,1.903769972,79.96,1617.62,197.99,0.96,28.25,571.6,0.67,Yellow,Green,,,TRUE
Fresh Fare AM , Shakshuka,R-56688,VEG|Shakshuka,OK - VEGETARIAN KITCHEN,349.0000054,548.4254566,6.49948503,1.12956997,87.99,3392.34,157.14,1.86,25.21,972.02,0.32,Green,Yellow,,TRUE,
Fresh Fare PM , Tabbouleh Bowl,R-35461,VEG|Tabbouleh Bowl,OK - VEGETARIAN KITCHEN,400.5,604.0277637,3.118413048,2.257784043,142.33,7357.08,150.82,0.78,35.54,1836.97,0.56,Green,Yellow,,TRUE,
Grill AM , Just egg Wrap 1,R-36647,FF|Egg'sadilla|Just egg,GV FRESH FARE BREAKFAST,395,367.1375757,2.3436056,1.467810114,52.61,1612.11,92.95,0.59,13.32,408.13,0.37,Green,Green,,,TRUE
Grill AM , Just egg omelette,R-47287,FF|Omelet|Egg White ,GV FRESH FARE BREAKFAST,253,955.3592077,14.13353575,1.6399115,163.72,5879.73,377.61,5.59,64.71,2324,0.65,Yellow,Red,TRUE,,
Grill AM , TMRW breakfast sandwich,R-65755,FF|Sandwich|breakfast TMRW|AAD,GV FRESH FARE BREAKFAST,253,703.2052429,7.406766635,2.149636164,94.19,2879.48,277.95,2.93,37.23,1138.13,0.85,Yellow,Yellow,,TRUE,
Grill AM , Classic eggs benny,R-62001,FLX|Benny|Classic|AAD,GV FLEX GLOBAL BOWL,235.0000188,810.3721685,9.358140278,1.335330092,120.68,3863.57,344.84,3.98,51.35,1644.07,0.57,Yellow,Yellow,,TRUE,
Grill AM , Eggs benny Fennel lemon,R-68110,FLX|Benny|fennel|AAD,GV FLEX GLOBAL BOWL,275.0000188,844.5761245,9.333896697,1.5932203,120.28,3802.16,307.12,3.39,43.74,1382.6,0.58,Yellow,Yellow,,TRUE,
Grill AM , Smoked salmon eggs benny,R-48357,FLX|Eggs Benny|Smk Salmon|AAD,GV-FLEX DOD,275.0000188,912.7341685,12.17014028,1.611330092,178.85,4197.85,331.9,4.43,65.04,1526.49,0.59,Yellow,Yellow,,TRUE,
Grill AM , Herb & Veg smash hash,R-62379,FLX|hash| squash and tempeh,GV - FLEX BC,225,211.388854,1.991303862,0.54746182,15.87,514.01,93.95,0.89,7.05,228.45,0.24,Green,Green,,,TRUE
Grill AM , Eggs benny avocado spinach,R-50312,GRL|Benny |Avocado spinach|AAD,GV - GRILL BREAKFAST,201.5,442.3129225,4.651035114,1.183592266,61.58,1946.11,219.51,2.31,30.56,965.81,0.59,Yellow,Yellow,,TRUE,
Grill AM , Eggs benny asparagus,R-62002,GRL|Benny|Asparagus|FLX ,GV GRILL BRUNCH,275.0000188,936.9251949,9.982637513,1.795438362,125.65,4098.86,340.7,3.63,45.69,1490.49,0.65,Yellow,Yellow,,TRUE,
Grill AM , Crispy chicken benny,R-68109,GRL|Benny|Crispy chicken|AAD,GV - GRILL BREAKFAST,317,1116.46604,16.47023666,2.166919233,157.27,4369.95,352.2,5.2,49.61,1378.53,0.68,Yellow,Red,TRUE,,
Grill AM , Eggs benny ham and mustard,R-62012,GRL|Benny|Ham & mustard|AAD,GV GRILL FEATURE,334.0000188,1610.567852,19.29353218,3.29544272,257.38,7890.89,482.21,5.78,77.06,2362.54,0.99,Red,Red,TRUE,,
Grill AM , Gather & Run tortillia bowl,R-44024,GRL|Bowl|Gather & Run|AAD,GV - GRILL BREAKFAST,265.5,1500.67154,20.56573847,3.231124632,272.58,8264.25,565.22,7.75,102.67,3112.71,1.22,Red,Red,TRUE,,
Grill AM , Heuvos Ranchos Wrap,R-48488,GRL|BOWL|Huevos Rancheros|AAD,GV - GRILL BREAKFAST,237,649.7416114,6.66375428,1.900223757,96.88,3642.17,274.15,2.81,40.88,1536.78,0.8,Yellow,Yellow,,TRUE,
Grill AM , Professor breakfast bowl,R-44650,GRL|Bowl|Professors|Breakfast,GV - GRILL BREAKFAST,477,764.5358538,8.477357197,1.654489464,79.64,2277.17,160.28,1.78,16.7,477.39,0.35,Green,Green,,,TRUE
Grill AM , Thunderbird breakfast bowl,R-68107,GRL|Bowl|Thunderbird Breakfast,GV GRILL BRUNCH,425,670.4086331,5.963114503,1.738507948,111.38,2786.82,157.74,1.4,26.21,655.72,0.41,Green,Green,,,TRUE
Grill AM , breakfast burrito,R-61844,GRL|BreakfastBurritoBowl|AAD,GV - GRILL BREAKFAST,237,285.4029594,1.863372777,0.719251138,10.93,506.74,120.42,0.79,4.61,213.81,0.3,Green,Green,,,TRUE
Grill AM , Ham and swiss crepe,R-51146,GRL|Crepe|Ham and Swiss|AAD,GV GRILL DAY,193.0000006,678.52192,7.362901759,1.490584944,133.44,4994.24,351.57,3.81,69.14,2587.69,0.77,Yellow,Red,TRUE,,
Grill AM , Mushroom swiss crepe,R-67745,GRL|Crepe|Mushroom Swiss|AAD,GV - GRILL BREAKFAST,294.0000003,589.5470325,5.49520344,1.70104988,128.98,4439.33,200.53,1.87,43.87,1509.98,0.58,Yellow,Yellow,,TRUE,
Grill AM , Banana Nutella Crepe,R-50569,GRL|Crepe|Nutella Banana,OK - GRILL KITCHEN BREAKFAST,380,857.8956079,3.921692308,4.126771216,101.73,3089.26,225.76,1.03,26.77,812.96,1.09,Yellow,Yellow,,TRUE,
Grill AM , Peach crepe,R-50570,GRL|Crepe|Peach|AAD,OK - GRILL BRUNCH,345,399.7729137,3.717868182,1.228880814,100.92,3078.89,115.88,1.08,29.25,892.43,0.36,Green,Green,,,TRUE
Grill AM , French toast blackberry,R-69126,GRL|French Toast Black|AAD,GV GRILL BRUNCH,149.1,415.5930071,4.538451429,0.801983286,72.77,2467.81,278.73,3.04,48.81,1655.14,0.54,Yellow,Yellow,,TRUE,
Grill AM , French toast rasberry,R-68973,GRL|French Toast Raz |AAD,GV GRILL BRUNCH,149.1,424.45439,4.54713,0.799543,76.1,2606.16,284.68,3.05,51.04,1747.93,0.54,Yellow,Yellow,,TRUE,
Grill AM , Gather breakfast,R-51383,GRL|Gather breakfast|RATIO,GV - GRILL BREAKFAST,568.9772868,1381.739347,22.14049403,2.775005374,182.47,5255.47,242.85,3.89,32.07,923.67,0.49,Yellow,Yellow,,TRUE,
Grill AM , Apple cinnamon pancakes,R-68108,GRL|Pancakes|apple cin|AAD(1),GV - GRILL BREAKFAST,106,112.528056,0.186955,0.172338,7.76,74.65,106.16,0.18,7.32,70.42,0.16,Green,Green,,,TRUE
Grill AM , Blueberry pancakes,R-36646,GRL|Pancakes|Blueberry|AAD,GV - GRILL BREAKFAST,107,186.7075558,0.183097143,0.181598104,23.1,902.57,174.49,0.17,21.59,843.52,0.17,Green,Green,,,TRUE
Grill AM , Strawberry pancakes,R-68099,GRL|Pancakes|Strawberry|AAD ,GV - GRILL BREAKFAST,107,152.9470465,0.137008299,0.154229442,17.65,688.06,142.94,0.13,16.5,643.05,0.14,Green,Green,,,TRUE
Grill AM , Hash browns,R-61822,GRL|Side|hashbrowns|,GV - GRILL BREAKFAST,250,116.430162,1.450774872,0.154358673,0.76,22.73,46.57,0.58,0.3,9.09,0.06,Green,Green,,,TRUE
Grill AM , Tomato,R-44738,GRL|Side|Tomato,GV - GRILL BREAKFAST,115.2272727,82.92744527,0.898236317,0.037464518,8.75,509.2,71.97,0.78,7.59,441.91,0.03,Green,Green,,,TRUE
Grill AM , spinach,R-62249,GRL|Side|wilted Bfast spinach,GV - GRILL BREAKFAST,60,215.9558524,1.43237951,0.301713306,8.48,1014.25,359.93,2.39,14.13,1690.42,0.5,Yellow,Yellow,,TRUE,
Grill AM , Eggs benny with pulled pork,R-54846,HC|Benny |Pulled Pork|AAD,SPECIALS,142.5,828.9951702,10.12610468,1.570259131,135.18,4208.31,581.75,7.11,94.86,2953.2,1.1,Red,Red,TRUE,,
Grill PM , Poutine Gravy,R-44765,ADD|Gravy|3oz,GV GRILL DAY,90,79.505397,0.7657425,0.1158363,9.05,395.88,88.34,0.85,10.06,439.87,0.13,Green,Green,,,TRUE
Grill PM , TMRW mushroom crunch burger,R-64698,FF|Burger|TMRW mushroom crunch,GV FRESH FARE DAY,330,492.2099354,2.828540863,1.447331703,52.58,1691.43,149.15,0.86,15.93,512.55,0.44,Green,Green,,,TRUE
Grill PM , Fish Fritters & chips,R-61978,FLX|Fish Fritters|160g| AAD,GV - FLEX BC,300.25,1512.710499,17.24057968,3.474953088,405.94,6053.86,503.82,5.74,135.2,2016.27,1.16,Red,Red,TRUE,,
Grill PM , Kimchi Bacon burger,R-56157,GRL|Big Burger|kimchiBacon|AAD,GV GRILL FEATURE,535,8100.651519,68.54868394,24.32858438,464.2,15826.29,1514.14,12.81,86.77,2958.19,4.55,Red,Red,TRUE,,
Grill PM , Lumberjack Burger,R-44655,GRL|Big Burger|Lumberjack|AAD,GV GRILL DAY,555,7688.093236,62.68645278,23.54599927,375.17,13380.02,1385.24,11.29,67.6,2410.81,4.24,Red,Red,TRUE,,
Grill PM , Alumni burger,R-68378,GRL|Burger|Alumni|AAD,GV GRILL DAY,305,6642.582032,53.04073276,20.50984056,308.03,11154.35,2177.9,17.39,100.99,3657.16,6.72,Red,Red,TRUE,,
Grill PM , Bacon cheese burger,R-36098,GRL|Burger|Alumni|bacon cheese,GV GRILL DAY,255.0000003,1117.356785,12.45509746,2.862501845,181.29,6169.92,438.18,4.88,71.09,2419.58,1.12,Red,Red,TRUE,,
Grill PM , Planetary BBQ burger,R-65248,GRL|Burger|BBQ TMRW |AAD,GV GRILL DAY,340,490.8765049,4.172218418,1.264438862,60.88,2149.42,144.38,1.23,17.91,632.18,0.37,Green,Green,,,TRUE
Grill PM , Planetary Greek Burger,R-69135,GRL|Burger|Greek TMRW|AAD,GV GRILL DAY,280,440.7129978,4.375836928,0.864703454,82.32,3307.56,157.4,1.56,29.4,1181.27,0.31,Green,Yellow,,TRUE,
Grill PM , Jerk Jackfruit burger,R-53579,GRL|Burger|Jackfruit|AAD,GV GRILL FEATURE,300,395.6017403,2.638131984,0.908393066,45.33,1387.98,131.87,0.88,15.11,462.66,0.3,Green,Green,,,TRUE
Grill PM , Portobello Burger,R-61830,GRL|Burger|Portobello|AAD,GV GRILL DAY,275,448.1929309,4.224713544,1.458724854,64.14,2236.01,162.98,1.54,23.32,813.09,0.53,Green,Yellow,,TRUE,
Grill PM , Salmon burger,R-44931,GRL|Burger|Salmon|AAD,GV GRILL DAY,250,920.7480688,11.33295403,1.821653582,256.49,2596.36,368.3,4.53,102.6,1038.54,0.73,Yellow,Yellow,,TRUE,
Grill PM , Cauliflower Bites,R-61982,GRL|Cauliflower Bites|AAD 160g,GV GRILL DAY,182.25,248.9948424,2.218364913,0.790292725,36.05,1210.8,136.62,1.22,19.78,664.36,0.43,Green,Green,,,TRUE
Grill PM , Cajun chicken burger,R-55469,GRL|Chicken Burger|Cajun|AAD,GV GRILL FEATURE,307.296875,1024.483081,23.24340769,2.773792509,112.86,1551.24,333.39,7.56,36.73,504.8,0.9,Yellow,Red,TRUE,,
Grill PM ," Guac, bacon + chicken burger",R-28251,GRL|Chicken Burger|Guaco bacon,GV GRILL DAY,391,1749.610049,32.68746825,4.282821525,240.99,5778.43,447.47,8.36,61.63,1477.86,1.1,Red,Red,TRUE,,
Grill PM , Maui chicken burger,R-56454,GRL|Chicken Burger|Maui|AAD,GV GRILL DAY,414,1358.550514,25.83713353,3.729050888,143.52,3086.73,328.15,6.24,34.67,745.59,0.9,Yellow,Red,TRUE,,
Grill PM , Shoyu chicken burger,R-45150,GRL|Chicken Burger|Shoyu|AAD,GV GRILL DAY,350,991.6493625,20.09588562,2.876714559,108.47,1854.75,283.33,5.74,30.99,529.93,0.82,Yellow,Yellow,,TRUE,
Grill PM , Thai Chili chicken burger,R-43964,GRL|Chicken Burger|Thai Chili,GV GRILL DAY,300,1004.574484,23.13059921,2.748358197,112.78,1518.05,334.86,7.71,37.59,506.02,0.92,Yellow,Red,TRUE,,
Grill PM , Chili Dog,R-52133,GRL|Chili Dog|AAD,SPECIALS,240,671.5737755,6.443676834,1.673908525,114.77,4892.56,279.82,2.68,47.82,2038.57,0.7,Yellow,Yellow,,TRUE,
Grill PM , Avocado bacon grilled cheese,R-50669,GRL|Grilled Cheese|Bacon Avo,GV GRILL FEATURE,192.0000003,1082.171058,12.78256914,1.90942517,187.86,7208.96,563.63,6.66,97.84,3754.67,0.99,Red,Red,TRUE,,
Grill PM , Jelepeno grilled cheese,R-50668,GRL|Grilled Cheese|Jalapeno,GV GRILL FEATURE,191.0000006,655.8891086,6.801639406,0.887444704,110.04,5376.55,343.4,3.56,57.61,2814.95,0.46,Yellow,Red,TRUE,,
Grill PM , Kimchi Grilled Cheese,R-68406,GRL|Grilled Cheese|kimchi|AAD,GV GRILL FEATURE,181.0000006,649.7646296,6.650861898,0.897107649,107.7,5307.14,358.99,3.67,59.5,2932.12,0.5,Yellow,Red,TRUE,,
Grill PM , Classic Grilled cheese,R-36139,GRL|GrilledCheese|Classic|AAD,GV GRILL DAY,122.7500006,679.6240046,6.887056342,0.984195149,119.33,5638.95,553.67,5.61,97.21,4593.85,0.8,Red,Red,TRUE,,
Grill PM , Plant Based Dog 1,R-53419,GRL|Plant base dog 1|AAD,SPECIALS,198,411.8667016,3.605013236,1.172854096,72.23,2696.41,208.01,1.82,36.48,1361.82,0.59,Yellow,Yellow,,TRUE,
Grill PM , Classic Poutine,R-44775,GRL|Poutine|Classic|AAD,GV GRILL DAY,400,863.8029245,8.972955816,1.13904699,126.57,6528.01,215.95,2.24,31.64,1632,0.28,Yellow,Yellow,,TRUE,
Grill PM , Jelepeno poutine,R-57094,GRL|Poutine|Jalepeno|AAD,GV GRILL DAY,410,695.6529245,7.272600191,0.95364699,97.04,4978.84,169.67,1.77,23.67,1214.35,0.23,Green,Yellow,,TRUE,
Grill PM , Monte Cristo,R-56456,GRL|Sand|Monte Cristo|AAD,GV - GRILL BREAKFAST,298.0000006,1399.792852,21.98921582,3.125297676,208.15,6333.31,469.73,7.38,69.85,2125.27,1.05,Red,Red,TRUE,,
Grill PM , Rueben,R-50491,GRL|Sand|Reuben|AAD,GV GRILL FEATURE,308.0000006,4863.422878,39.06362834,14.17372728,268.68,10398.11,1579.03,12.68,87.23,3376.01,4.6,Red,Red,TRUE,,
Grill PM , Tuna Melt,R-56493,GRL|Sandwich|Tuna Melt|AAD,OK - GRILL KITCHEN FEATURES,134,568.6365432,6.179926664,0.979896299,121.09,2726.89,424.36,4.61,90.37,2034.99,0.73,Red,Red,TRUE,,
Grill PM , Chicken strips,R-44770,GRL|Side|Chicken Strips,GV GRILL DAY,332.5,1260.014248,30.35872796,3.458837193,99.14,330.19,378.95,9.13,29.82,99.31,1.04,Yellow,Red,TRUE,,
Grill PM , French fries,R-45233,GRL|Side|Potato Fries,GV GRILL DAY,230,150.9709245,1.440156441,0.30224699,1.53,79.31,65.64,0.63,0.67,34.48,0.13,Green,Green,,,TRUE
Grill PM , Yam Fries,R-44774,GRL|Side|Yam Fries|AAD,GV GRILL DAY,242,331.568671,1.098482436,1.200926337,3.51,222.89,137.01,0.45,1.45,92.1,0.5,Green,Green,,,TRUE
Grill PM , Plantary Cajun burger,R-69609,GRL|TMRW Burger|Cajun|AAD,GV GRILL FEATURE,168.296875,221.5519049,2.084951811,0.669560156,45.76,1490.72,131.64,1.24,27.19,885.77,0.4,Green,Green,,,TRUE
Grill PM , Planetary Buffalo burger,R-69629,GRL|TMRW|Buffalo Burger|AAD,SPECIALS,184,381.944571,3.815503951,1.130295548,61.36,2357.95,207.58,2.07,33.35,1281.49,0.61,Yellow,Yellow,,TRUE,
Grill PM , Chicken wings,R-64866,the big chicken wing|GRL,GV GRILL DAY,522,2712.65959,64.31526293,7.412904995,207.17,545.1,519.67,12.32,39.69,104.43,1.42,Red,Red,TRUE,,
Home Cooking , Chickpea Vindaloo,R-56827,CC|Chickpea Vindaloo|PLATE,FT OASIS/CHAAT,460,581.5641196,4.240378764,1.628406171,145.72,2545.89,126.43,0.92,31.68,553.45,0.35,Green,Green,,,TRUE
,,R-44885,FLX|Bao Shitake & Kimchi|AAD,GV FLEX BAO,166,78.49236088,1.054745332,0.244321849,6.28,244.25,47.28,0.64,3.78,147.14,0.15,Green,Green,,,TRUE
Home Cooking , Pork belly bao,R-40569,FLX|Bao|Bowl|Pork Belly,GV FLEX BAO,361,1134.399469,12.67157623,2.201087562,294.58,5148.52,314.24,3.51,81.6,1426.18,0.61,Yellow,Yellow,,TRUE,
Home Cooking , Thai chicken bao,R-44886,FLX|Bao|Bowl|Thai Chicken,GV FLEX BAO,423,864.7455406,14.38020408,2.067394727,184.12,717.86,204.43,3.4,43.53,169.71,0.49,Yellow,Yellow,,TRUE,
,,R-61970,FLX|Bao|Mushroom|AAD,GV FLEX BAO,147,170.8394239,0.923767635,0.446531922,5.57,185,116.22,0.63,3.79,125.85,0.3,Green,Green,,,TRUE
Home Cooking , Beef Brisket,R-61932,FLX|Beef brisket|AAD ,GV - FLEX BC,295,6728.873359,53.68842657,19.90212384,268.24,10681.55,2280.97,18.2,90.93,3620.86,6.75,Red,Red,TRUE,,
Home Cooking , Mushroom spinach benny,R-62000,FLX|Benny|mushroom spin|AAD,GV FLEX GLOBAL BOWL,270.0000188,796.2421238,9.406401961,1.347274865,120.57,3813.16,294.9,3.48,44.66,1412.28,0.5,Yellow,Yellow,,TRUE,
Simply Local , Crispy potato shred,R-57374,FLX|BPD|Crispy potato,FOOD,125,10.40129592,0.00619898,0.028469388,0.02,0.2,8.32,0,0.02,0.16,0.02,Green,Green,,,TRUE
Home Cooking , Butter Chicken,R-44376,FLX|Butter Chicken|275g,GV FLEX GLOBAL BOWL,467,1892.550053,19.64317862,3.170897794,206.66,5214.34,405.26,4.21,44.25,1116.56,0.68,Red,Yellow,,TRUE,
Home Cooking , Butter Tofu,R-57262,FLX|Butter Tofu 275g,GV FLEX GLOBAL BOWL,467,1530.074624,6.766607189,2.186669223,164.87,5178.81,327.64,1.45,35.3,1108.95,0.47,Yellow,Yellow,,TRUE,
Home Cooking , Eggplant tofu laksa,R-65254,FLX|Laksa|eggplant Tofu|AAD,GV - FLEX ASIAN NOODLE,615,521.0465723,3.617029491,1.048549521,154.05,1285.9,84.72,0.59,25.05,209.09,0.17,Green,Green,,,TRUE
Home Cooking , Laksa ling cod,R-64446,FLX|Laksa|ling cod|AAD 100g,GV - FLEX ASIAN NOODLE,595,891.0388968,9.984632061,1.399531664,313.05,1924.94,149.75,1.68,52.61,323.52,0.24,Green,Green,,,TRUE
Home Cooking , Salmon laksa,R-45203,FLX|Laksa|Salmon|AAD,GV - FLEX ASIAN NOODLE,595,957.3576742,10.85641896,1.506907492,332.58,2031.74,160.9,1.82,55.9,341.47,0.25,Green,Green,,,TRUE
Home Cooking , Miso ramen,R-41308,FLX|Miso ramen|AAD,GV - FLEX ASIAN NOODLE,627,270.7075045,2.331477773,0.710927041,31.3,951.46,43.18,0.37,4.99,151.75,0.11,Green,Green,,,TRUE
Home Cooking , Palak Paneer,R-69621,FLX|Palak Paneer|AAD,GV FLEX GLOBAL BOWL,421,1552.399118,14.3394437,1.872121804,356.34,11785.18,368.74,3.41,84.64,2799.33,0.44,Yellow,Red,TRUE,,
Home Cooking , Mac + Cheese,R-61435,FLX|Pasta|Mac + Cheese|350g,GV - FLEX BC,355,1291.761045,13.47785101,1.810144001,239.3,11525.54,363.88,3.8,67.41,3246.63,0.51,Yellow,Red,TRUE,,
Home Cooking , Prima vera pasta,R-49596,FLX|Pasta|Primavera Spaghetti,SPECIALS,340.3053333,422.7148274,4.185528724,0.98434779,73.06,2660.76,124.22,1.23,21.47,781.87,0.29,Green,Green,,,TRUE
Home Cooking , Butternut Ravioli,R-61908,FLX|Pasta|Ravioli butternut,GV - FLEX BC,360,358.1853928,4.420985374,0.879485033,77.36,2658.49,99.5,1.23,21.49,738.47,0.24,Green,Green,,,TRUE
Home Cooking , Pho beef noodle,R-44766,FLX|Pho Beef Noodle|AAD,GV - FLEX ASIAN NOODLE,416,8783.748535,69.64223477,26.58594207,441.68,13272.55,2111.48,16.74,106.17,3190.52,6.39,Red,Red,TRUE,,
Home Cooking , Pho miso veg noodle,R-44930,FLX|PHO Veg Noodle Soup|AAD,GV - FLEX ASIAN NOODLE,506,403.964608,2.413028256,0.812268443,96.2,586.53,79.83,0.48,19.01,115.92,0.16,Green,Green,,,TRUE
Home Cooking , Shoyu Chicken,R-61955,FLX|Shoyu Chicken 170g,GV - FLEX BC,170,866.9185473,22.27725978,2.245813887,71.42,141.08,509.95,13.1,42.01,82.99,1.32,Red,Red,TRUE,,
Home Cooking , Shoyu Tofu,R-61958,FLX|Shoyu tofu 150g,GV - FLEX BC,150,292.3029801,1.302449337,0.677662062,2.46,88.5,194.87,0.87,1.64,59,0.45,Yellow,Green,,,TRUE
Home Cooking , Spicy shoyu salmon,R-61967,FLX|Spicy Soy Salmon 100g,GV - FLEX BC,115,744.2055469,10.1758289,1.15610822,224.61,1231.69,647.14,8.85,195.31,1071.03,1.01,Red,Red,TRUE,,
Home Cooking , Spicy shoyu tofu,R-62288,FLX|Spicy Soy tofu 150g,GV - FLEX BC,185,294.8676676,1.534480587,0.681396437,3.17,127.61,159.39,0.83,1.71,68.98,0.37,Green,Green,,,TRUE
Home Cooking , Tonkotsu ramen,R-57280,FLX|Tonkotsu Ramen|AAD,GV - FLEX ASIAN NOODLE,672,2094.189825,33.660021,4.789095826,334.76,8974.85,311.64,5.01,49.82,1335.54,0.71,Yellow,Yellow,,TRUE,
Simply Local , Beef Brisket 1,R-62718,SL|Beef Brisket|+1,GV SIMPLY LOCAL,165,6433.069109,51.26418022,19.60490828,260.87,9579.88,3898.83,31.07,158.1,5805.99,11.88,Red,Red,TRUE,,
Simply Local , Beef Brisket 2,R-62716,SL|Beef Brisket|+2,GV SIMPLY LOCAL,165,6433.069109,51.26418022,19.60490828,260.87,9579.88,3898.83,31.07,158.1,5805.99,11.88,Red,Red,TRUE,,
,,R-62054,SL|Beef Brisket|+3,GV SIMPLY LOCAL,445,6754.746792,54.19463325,20.60686194,277.95,10214.29,1517.92,12.18,62.46,2295.35,4.63,Red,Red,TRUE,,
Simply Local , Beef Brisket 4,R-62053,SL|Beef Brisket|+4,GV SIMPLY LOCAL,555,6871.195764,55.20606933,20.96960155,283.96,10436.82,1238.05,9.95,51.16,1880.51,3.78,Red,Red,TRUE,,
Simply Local , Beef Brisket,R-49123,SL|Beef Brisket|AAD|SL,GV SIMPLY LOCAL,150,5597.582168,44.59109435,17.05899831,226.97,8334.66,3731.72,29.73,151.31,5556.44,11.37,Red,Red,TRUE,,
Simply Local , Beef Flat Roast 1,R-62078,SL|Beef flat roast| +1,GV SIMPLY LOCAL,314,7539.854692,59.12248196,23.09673815,343.82,11677.22,2401.23,18.83,109.5,3718.86,7.36,Red,Red,TRUE,,
Simply Local , Beef Flat Roast 2,R-62077,SL|Beef flat roast| +2,GV SIMPLY LOCAL,435,7692.600077,60.06662786,23.50401659,384.16,12010.45,1768.41,13.81,88.31,2761.02,5.4,Red,Red,TRUE,,
Simply Local , Beef Flat Roast 3,R-62076,SL|Beef flat roast| +3,GV SIMPLY LOCAL,554,7843.406295,61.00248631,23.9085157,423.57,12340.26,1415.78,11.01,76.46,2227.48,4.32,Red,Red,TRUE,,
Simply Local , Beef Flat Roast 4,R-48878,SL|Beef flat roast| +4,GV SIMPLY LOCAL,655,7958.315361,61.80749326,24.17208464,462.36,12607.73,1215.01,9.44,70.59,1924.84,3.69,Red,Red,TRUE,,
Simply Local , Beef Flat Roast,R-62209,SL|Beef flat roast| 125g,GV SIMPLY LOCAL,176,7354.442402,58.05932135,22.5611752,302.99,11287.55,4178.66,32.99,172.15,6413.38,12.82,Red,Red,TRUE,,
Simply Local , Roasted big cauliflower steak,R-37781,SL|Big Veg|Caulif Roast|320g,GV SIMPLY LOCAL,370,334.7256445,2.579741628,1.288293208,20.52,920.92,90.47,0.7,5.55,248.9,0.35,Green,Green,,,TRUE
Simply Local , Chicken Thigh Cacciatore,R-47110,SL|Chicken Thigh (2) ,GV SIMPLY LOCAL,174,1284.501972,32.23889025,3.492761927,102.6,110.8,738.22,18.53,58.97,63.68,2.01,Red,Red,TRUE,,
Simply Local , Chicken Thigh Cacciatore 1,R-62071,SL|Chicken Thigh|+1,GV SIMPLY LOCAL,321,1547.107072,37.29777572,4.211830609,136.02,633.04,481.96,11.62,42.37,197.21,1.31,Red,Red,TRUE,,
Simply Local , Chicken Thigh Cacciatore 2,R-62070,SL|Chicken Thigh|+2,GV SIMPLY LOCAL,449,1652.949284,38.33582423,4.508831905,157.02,1149.03,368.14,8.54,34.97,255.91,1,Yellow,Red,TRUE,,
Simply Local , Chicken Thigh Cacciatore 3,R-62069,SL|Chicken Thigh|+3,GV SIMPLY LOCAL,576,1758.034589,39.37092088,4.803480066,177.69,1659.75,305.21,6.84,30.85,288.15,0.83,Yellow,Yellow,,TRUE,
Simply Local , Chicken Thigh Cacciatore 4,R-62068,SL|Chicken Thigh|+4,GV SIMPLY LOCAL,704,1863.876801,40.40896939,5.100481362,198.69,2175.74,264.76,5.74,28.22,309.05,0.72,Yellow,Yellow,,TRUE,
Simply Local , Chimmichuri Chicken Thigh 1,R-62175,SL|chimichuri thigh|+1,GV SIMPLY LOCAL,324,1332.824356,25.97991992,4.015550909,116.85,592.96,411.37,8.02,36.06,183.01,1.24,Red,Red,TRUE,,
Simply Local , Chimmichuri Chicken Thigh 2,R-62174,SL|chimichuri thigh|+2,GV SIMPLY LOCAL,460,1480.994342,27.09877837,4.406926602,153.14,975.2,321.96,5.89,33.29,212,0.96,Yellow,Yellow,,TRUE,
Simply Local , Chimmichuri Chicken Thigh 3,R-62173,SL|chimichuri thigh|+3,GV SIMPLY LOCAL,594,1626.884954,28.20876666,4.793992682,188.61,1353.85,273.89,4.75,31.75,227.92,0.81,Yellow,Yellow,,TRUE,
Simply Local , Chimmichuri Chicken Thigh 4,R-62172,SL|chimichuri thigh|+4,GV SIMPLY LOCAL,730,1775.05494,29.32762511,5.185368375,224.9,1736.09,243.16,4.02,30.81,237.82,0.71,Yellow,Yellow,,TRUE,
Simply Local , Chimmichuri Chicken Thigh,R-57250,SL|chimichuri thigh|160g,GV SIMPLY LOCAL,210,1331.410872,28.39334522,4.029304394,92.71,234.37,634.01,13.52,44.15,111.6,1.92,Red,Red,TRUE,,
Simply Local , Bacon herb pork loin 1,R-62115,SL|Herb'd Pork Loin|+1,GV SIMPLY LOCAL,277,2066.844369,25.62225274,4.716006767,335.25,10289.63,746.15,9.25,121.03,3714.67,1.7,Red,Red,TRUE,,
Simply Local , Bacon herb pork loin 2,R-62114,SL|Herb'd Pork Loin|+2,GV SIMPLY LOCAL,405,2259.782889,27.51882759,5.138067841,348.3,10832.26,557.97,6.79,86,2674.63,1.27,Red,Red,TRUE,,
Simply Local , Bacon herb pork loin 4,R-62113,SL|Herb'd Pork Loin|+4,GV SIMPLY LOCAL,660,2644.989021,31.30642173,5.981277612,374.39,11917.47,400.76,4.74,56.73,1805.68,0.91,Red,Red,TRUE,,
Simply Local , Bacon herb pork loin,R-37708,SL|Herb'd Pork Loin||125g,GV SIMPLY LOCAL,175,2302.842855,29.51608193,5.210502011,401.07,12109.9,1315.91,16.87,229.18,6919.94,2.98,Red,Red,TRUE,,
Simply Local , Maple glaze salmon 1,R-62125,SL|Maple salmon|+1,GV SIMPLY LOCAL,300,948.6468091,11.5200293,1.746956868,269.68,1691.27,316.22,3.84,89.89,563.76,0.58,Yellow,Yellow,,TRUE,
Simply Local , Maple glaze salmon 2,R-62126,SL|Maple salmon|+2,GV SIMPLY LOCAL,430,1078.879741,12.53301195,2.09053569,307.29,2059.87,250.9,2.91,71.46,479.04,0.49,Yellow,Yellow,,TRUE,
Simply Local , Maple glaze salmon 3,R-62124,SL|Maple salmon|+3,GV SIMPLY LOCAL,560,1209.112673,13.54599459,2.434114511,344.9,2428.46,215.91,2.42,61.59,433.65,0.43,Yellow,Yellow,,TRUE,
Simply Local , Maple glaze salmon,R-45376,SL|Maple salmon|100g,GV SIMPLY LOCAL,150,696.6469258,8.802804233,1.23458441,193.75,1116.97,464.43,5.87,129.17,744.65,0.82,Red,Red,TRUE,,
Simply Local , Olive stuffed chicken supreme,R-62140,SL|Olive Stuff Chicken Breas,GV SIMPLY LOCAL,150,1240.152419,30.38807934,3.407131792,98.9,165.25,826.77,20.26,65.93,110.17,2.27,Red,Red,TRUE,,
Simply Local , Peppercorn Pork Chop 1,R-62132,SL|Peppercorn Pork Chop|+1,GV SIMPLY LOCAL,445.6666667,1909.563725,24.13105256,4.245851179,348.91,9790.72,428.47,5.41,78.29,2196.87,0.95,Red,Red,TRUE,,
Simply Local , Peppercorn Pork Chop 2,R-62134,SL|Peppercorn Pork Chop|+2,GV SIMPLY LOCAL,581.6666667,2068.734729,25.34920311,4.633369048,387.3,10220.34,355.66,4.36,66.58,1757.08,0.8,Yellow,Red,TRUE,,
Simply Local , Peppercorn Pork Chop 3,R-62135,SL|Peppercorn Pork Chop|+3,FOOD,715.6666667,2225.838271,26.55800261,5.0178058,424.88,10646.56,311.02,3.71,59.37,1487.64,0.7,Yellow,Yellow,,TRUE,
Simply Local , Peppercorn Pork Chop 4,R-62133,SL|Peppercorn Pork Chop|+4,FOOD,851.6666667,2385.009275,27.77615316,5.405323669,463.26,11076.18,280.04,3.26,54.39,1300.53,0.63,Yellow,Yellow,,TRUE,
Simply Local , Peppercorn Pork Chop,R-62127,SL|Peppercorn Pork Chop|170g,GV SIMPLY LOCAL,296.6666667,1704.006474,22.74470122,3.671729733,309.3,9275.8,574.38,7.67,104.26,3126.67,1.24,Red,Red,TRUE,,
Simply Local , Gremolata salmon 1,R-62152,SL|Salmon gremolata|+1,GV SIMPLY LOCAL,260,730.9920581,9.480295555,1.304395199,197.02,1434.86,281.15,3.65,75.78,551.87,0.5,Yellow,Yellow,,TRUE,
Simply Local , Gremolata salmon 2,R-62151,SL|Salmon gremolata|+2,GV SIMPLY LOCAL,400,842.3413004,10.82347338,1.621030774,209.52,1923.05,210.59,2.71,52.38,480.76,0.41,Yellow,Yellow,,TRUE,
Simply Local , Gremolata salmon 3,R-62150,SL|Salmon gremolata|+3,GV SIMPLY LOCAL,480,905.6490671,11.59377696,1.790491512,216.45,2203.81,188.68,2.42,45.09,459.13,0.37,Green,Green,,,TRUE
Simply Local , Gremolata salmon,R-62149,SL|Salmon gremolata|100g,GV SIMPLY LOCAL,150,643.6635536,8.423554852,1.061347042,187.31,1050.39,429.11,5.62,124.87,700.26,0.71,Red,Yellow,,TRUE,
Simply Local , Dil + lemon salmon 1,R-62715,SL|Salmon Lemon herb|+1,GV SIMPLY LOCAL,150,769.3102125,9.505333575,1.404396401,209.15,1211.15,512.87,6.34,139.43,807.43,0.94,Red,Red,TRUE,,
Simply Local , Dil + lemon salmon 2,R-62714,SL|Salmon Lemon herb|+2,GV SIMPLY LOCAL,150,769.3102125,9.505333575,1.404396401,209.15,1211.15,512.87,6.34,139.43,807.43,0.94,Red,Red,TRUE,,
Simply Local , Dil + lemon salmon 3,R-62097,SL|Salmon Lemon herb|+3,GV SIMPLY LOCAL,580,1151.615494,11.50758611,2.503789328,301.64,2228,198.55,1.98,52.01,384.14,0.43,Yellow,Green,,,TRUE
Simply Local , Dil + lemon salmon,R-62096,SL|Salmon Lemon herb|100g,GV SIMPLY LOCAL,150,769.3102125,9.505333575,1.404396401,209.15,1211.15,512.87,6.34,139.43,807.43,0.94,Red,Red,TRUE,,
Simply Local , Chimmichuri Sauce,R-36860,SL|Sauce|Add|Chimichurri ,GV SIMPLY LOCAL,45,158.0344617,0.185432861,0.740473094,1.89,66.45,351.19,0.41,4.2,147.67,1.65,Yellow,Yellow,,TRUE,
Simply Local , Gremolata sauce,R-45146,SL|Sauce|Add|Gremolata ,GV SIMPLY LOCAL,45,15.58044046,0.208570057,0.041644885,1.89,68.08,34.62,0.46,4.2,151.29,0.09,Green,Green,,,TRUE
,,R-62302,SL|Sauce|RATIO|NEW,GV SIMPLY LOCAL,50,88.77146187,0.319220103,0.341034032,4.6,160.05,177.54,0.64,9.2,320.1,0.68,Green,Green,,,TRUE
,,R-57243,SL|Side|beans and pesto,FOOD,200,178.0772554,0.794758484,1.017607084,6.52,302.33,89.04,0.4,3.26,151.16,0.51,Green,Green,,,TRUE
,,R-37868,SL|Side|Beans Romano ,GV SIMPLY LOCAL,180,192.6650668,1.014940523,1.204182839,4.86,279.49,107.04,0.56,2.7,155.27,0.67,Green,Green,,,TRUE
,,R-44814,SL|Side|Potato baked,GV SIMPLY LOCAL,212.999804,84.5609222,1.06499902,0.110759898,0.55,16.68,39.7,0.5,0.26,7.83,0.05,Green,Green,,,TRUE
,,R-36874,SL|Side|Potato Rosemary Roast,GV SIMPLY LOCAL,180,104.3184383,1.132769032,0.188805169,1.03,33.35,57.95,0.63,0.57,18.53,0.1,Green,Green,,,TRUE
,,R-47746,SL|Side|Potato Smash Olive Oil,GV SIMPLY LOCAL,180,102.8009426,0.903935066,0.238675749,0.49,14.28,57.11,0.5,0.27,7.93,0.13,Green,Green,,,TRUE
,,R-46330,SL|Side|Quinoa,GV SIMPLY LOCAL,170.097,186.2877144,0.743386889,0.572029911,85.34,1330.98,109.52,0.44,50.17,782.48,0.34,Green,Green,,,TRUE
,,R-36854,SL|Side|Rice Brown,GV SIMPLY LOCAL,100,145.3799781,0.716776265,0.383971366,51.65,284.6,145.38,0.72,51.65,284.6,0.38,Green,Green,,,TRUE
,,R-52652,SL|Side|Roasted Potato,GV SIMPLY LOCAL,180,104.3184383,1.132769032,0.188805169,1.03,33.35,57.95,0.63,0.57,18.53,0.1,Green,Green,,,TRUE
,,R-36853,SL|Side|SorghumRoasted,GV SIMPLY LOCAL,183,116.5873629,0.444060851,0.355920657,50.77,788.72,63.71,0.24,27.74,430.99,0.19,Green,Green,,,TRUE
,,R-62303,SL|SIDEs x1|RATIO,GV SIMPLY LOCAL,105.76,123.3151876,1.221509379,0.426801487,8.62,310.44,116.6,1.15,8.15,293.53,0.4,Green,Green,,,TRUE
,,R-44810,SL|SideYam Roasted Sage,GV SIMPLY LOCAL,120,69.2707641,0.790108295,0.11424244,1.59,6.85,57.73,0.66,1.32,5.71,0.1,Green,Green,,,TRUE
Simply Local , Squash Bowl,R-45070,SL|Squash bowl(1),GV SIMPLY LOCAL,410,283.2254625,3.651727431,0.782725666,32.77,1181.5,69.08,0.89,7.99,288.17,0.19,Green,Green,,,TRUE
Simply Local , Squash Bowl 1,R-62118,SL|Squash bowl|+1,GV SIMPLY LOCAL,530,437.9645221,5.018325224,1.317101609,42.53,1558.29,82.63,0.95,8.02,294.02,0.25,Green,Green,,,TRUE
Simply Local , Squash Bowl 2,R-62117,SL|Squash bowl|+2,GV SIMPLY LOCAL,650,592.7035817,6.384923017,1.851477552,52.28,1935.08,91.19,0.98,8.04,297.7,0.28,Green,Green,,,TRUE
Simply Local , Squash Bowl 3,R-62116,SL|Squash bowl|+3,GV SIMPLY LOCAL,770,747.4426414,7.75152081,2.385853495,62.04,2311.87,97.07,1.01,8.06,300.24,0.31,Green,Green,,,TRUE
,,R-57242,SL|Starches blend|Beans legume,FOOD,190,185.3711611,0.904849504,1.110894961,5.69,290.91,97.56,0.48,2.99,153.11,0.58,Green,Green,,,TRUE
,,R-57240,SL|Starches Blend|Potatoes,FOOD - HOT,174.5999608,93.05390111,1.004916089,0.168257685,0.94,20.9,53.3,0.58,0.54,11.97,0.1,Green,Green,,,TRUE
,,R-57241,SL|Starches blend|Rice & grain,FOOD,144.6388,155.9845496,0.672877432,0.453584642,64.95,803.98,107.84,0.47,44.9,555.85,0.31,Green,Green,,,TRUE
,,R-57244,SL|Starches|RATIO|NEW,GV SIMPLY LOCAL,168.0487911,143.3551719,0.852272198,0.571803305,23.62,368.21,85.31,0.51,14.06,219.11,0.34,Green,Green,,,TRUE
Simply Local , Eggplant lasagne,R-62144,SL|Vegetable lasagne|220g,GV SIMPLY LOCAL,272,159.1965427,2.264442372,0.319997417,13.03,561.58,58.53,0.83,4.79,206.46,0.12,Green,Green,,,TRUE
,,R-62193,SL|vegetables x2|RATIO|NEW,GV SIMPLY LOCAL,239.4,263.9022381,2.894163396,0.896486702,19.24,696.08,110.23,1.21,8.04,290.76,0.37,Green,Green,,,TRUE
