invoice_counter,invoice_num,invoice_total,item_num,qty,line_amount,adj_line_amount,uom,unit_cost,item_descrip,invoice_date,supplier_name,store_num,type_bill_credit,cost_over_ride,line_amount_qty,case_uom,supplier_num,prod_group_num,prod_group_descrip,order_code,compute_0022,pak_qty,case_qty,purchase_uom,cat_num,cat_descrip,has_credit,credit_pak_amount,Items_assign_category_ID,Category ID,Category
248143,1061818523,711.9,I-10482,1.0,6.2,6.2,cs,6.2,ONIONS JUMBO 5lb,2023-03-03,FRESH POINT,2,B,N,5.0,lb,23,4,PRODUCE,0246010,N,1.0,5.0,cs,2,Food,N,0,,39.0,onions and leeks
247867,1061818085,193.65,I-10488,1.0,9.75,9.75,bag,9.75,APPLES GRANNY SMITH 5lb,2023-03-01,FRESH POINT,88,B,Y,5.0,lb,23,4,PRODUCE,100285,N,1.0,5.0,bag,2,Food,Y,0,,32.0,apples
247877,9001094408,7899.82,I-10503,4.0,344.56,344.56,cs,86.14,HOT DOG PLANT BASED WIENER FZN,2023-03-03,GORDON FOOD SERVICE (GFS),51,B,N,16.0,cs,26,5,MEAT,1438793,N,4.0,1.0,cs,2,Food,N,0,,,
248844,9001112005,5870.81,I-1051,1.0,62.86,62.86,cs,62.86,CAKE GERMAN CHOC 12X16IN,2023-03-06,GORDON FOOD SERVICE (GFS),81,B,N,2.0,SHEET,26,19,BAKED GOODS,1190990,N,1.0,2.0,cs,2,Food,N,0,,24.0,"wheat/rye (bread, pasta, baked goods)"
247972,9001070965,4973.26,I-1063,1.0,50.31,50.31,CA,50.31,CAKE SHEET SLAB ORANGE CITRUS,2023-03-01,GORDON FOOD SERVICE (GFS),9,B,N,2.0,SHEET,26,19,BAKED GOODS,1155597,N,1.0,2.0,CA,2,Food,N,0,,24.0,"wheat/rye (bread, pasta, baked goods)"
248312,1061818519,4630.1,I-10758,1.0,11.3,11.3,BUNCH,11.3,HERB TARRAGON BC 4oz,2023-03-03,FRESH POINT,81,B,Y,4.0,BUNCH,23,4,PRODUCE,0681404,N,4.0,1.0,BUNCH,2,Food,Y,0,,63.0,herbs
250775,9001346509,1370.36,I-1084,1.0,28.6,28.6,cs,28.6,COOKIE DBL CHOC CHIP T/S,2023-03-31,GORDON FOOD SERVICE (GFS),17,B,N,72.0,ea,26,19,BAKED GOODS,1317452,N,1.0,72.0,cs,2,Food,N,0,,41.0,potatoes
251903,9001459647,6270.89,I-1086,4.0,218.56,218.56,cs,54.64,COOKIE DOUGH CHOC CHIP N/HYDRO,2023-04-13,GORDON FOOD SERVICE (GFS),51,B,Y,512.0,CT,26,20,BAKING-RAW INGREDIENTS,3554805,N,1.0,128.0,cs,2,Food,Y,0,,24.0,"wheat/rye (bread, pasta, baked goods)"
248142,1061818275,252.7,I-10871,1.0,7.0,7.0,bag,7.0,CARROTS JUMBO 5lB,2023-03-02,FRESH POINT,2,B,N,5.0,lb,23,4,PRODUCE,0218000,N,1.0,5.0,bag,2,Food,N,0,,38.0,root vegetables
249799,9001259668,5011.22,I-1091,2.0,116.6,116.6,cs,58.3,COOKIE DOUGH  WHITE CHOC MACA ,2023-03-22,GORDON FOOD SERVICE (GFS),51,B,N,256.0,each,26,20,BAKING-RAW INGREDIENTS,3488405,N,1.0,128.0,cs,2,Food,N,0,,24.0,"wheat/rye (bread, pasta, baked goods)"
249799,9001259668,5011.22,I-1094,2.0,106.78,106.78,cs,53.39,COOKIE DOUGH MONSTER N/HYDRO,2023-03-22,GORDON FOOD SERVICE (GFS),51,B,N,256.0,CT,26,20,BAKING-RAW INGREDIENTS,3491405,N,1.0,128.0,cs,2,Food,N,0,,24.0,"wheat/rye (bread, pasta, baked goods)"
251190,2000155272,-145.52,I-11052,-1.0,-40.64,-40.64,ea,40.64,CO2 CANISTER,2023-03-29,GORDON FOOD SERVICE (GFS),9,C,N,-1.0,ea,26,2,BEVERAGE,1058132,N,1.0,1.0,ea,2,Food,N,0,,61.0,kitchen supplies
251701,1061826032,216.25,I-11078,1.0,9.75,9.75,cs,9.75,APPLES GALA  ROYAL lb,2023-04-12,FRESH POINT,17,B,N,5.0,lb,23,4,PRODUCE,0100020,N,1.0,38.0,CA,2,Food,N,0,,32.0,apples
249084,IN161559,630.22,I-11173,1.0,74.74,74.74,cs,74.74,PEPPER BLK CRACKED,2023-03-07,FAR-MET IMPORTERS,81,B,N,2270.0,lb,107,18,SPICES,182017,N,454.0,5.0,cs,2,Food,N,0,,54.0,stimulants & spices misc.
249015,6881009932,291.8,I-11361,8.0,5.44,5.44,un,0.68,MILK CHOC 1% 237ml,2023-03-01,SAPUTO DAIRY PRODUCTS,27,B,N,8.0,CT,52,9,DAIRY,131060,N,1.0,1.0,un,2,Food,N,0,,9.0,milk (cow's milk)
250527,6881010510,190.76,I-11363,6.0,3.96,3.96,un,0.66,MILK 2% 237ml,2023-03-29,SAPUTO DAIRY PRODUCTS,27,B,N,6.0,un,52,9,DAIRY,131080,N,1.0,1.0,un,2,Food,N,0,,9.0,milk (cow's milk)
249405,0249404,-76.78,I-11547,-2.0,-10.7,-10.7,cs,5.35,ORANGES SUNKIST 88 5lb,2023-03-21,STORE: Arts UBC,41,F,N,-10.0,lb,214,4,PRODUCE,128086,N,1.0,5.0,cs,2,Food,N,0,,35.0,citrus fruit 
251278,1061821747,-9.25,I-11563,-1.0,-9.25,-9.25,pak,9.25,HERB CHIVES BC 4oz,2023-03-20,FRESH POINT,83,C,N,-4.0,oz,23,4,PRODUCE,0680304,N,1.0,4.0,pak,2,Food,N,0,,63.0,herbs
248533,2035373,4083.92,I-11575,1.0,61.11,61.11,ea,61.11,VINEGAR SUSHI SUMO,2023-03-02,WISMETTAC ASIAN FOODS,36,B,N,20.0,CT,125,16,FOOD - GROCERY,23034,N,20.0,1.0,CT,2,Food,N,0,,57.0,vinegar 
248533,2035373,4083.92,I-11579,1.0,14.45,14.45,CT,14.45,NORI SUSHI FULL SHIRAKIKU,2023-03-02,WISMETTAC ASIAN FOODS,36,B,N,1.0,CT,125,16,FOOD - GROCERY,51397,N,1.0,100.0,cs,2,Food,N,0,,40.0,other vegetables
250390,2043233,5728.31,I-11587,8.0,75.6,75.6,each,9.45,WAKAME CUT ,2023-03-16,WISMETTAC ASIAN FOODS,36,B,N,128.0,CT,125,16,FOOD - GROCERY,49004,N,16.0,1.0,CT,2,Food,N,0,,,
250257,9001312343,6348.98,I-11763,4.0,38.76,38.76,CT,9.69,APRON BIB DISHWASHER,2023-03-28,GORDON FOOD SERVICE (GFS),51,B,N,4.0,CT,26,40,SUPPLY,7146357,N,1.0,1.0,CT,4,Misc. ,N,0,,61.0,kitchen supplies
249377,202301950,602.66,I-11791,2.0,51.4,51.4,cs,25.7,YERBA MATE CLASSIC GOLD 355ML,2023-03-21,SUMMIT SPECIALTY FOODS LTD,88,B,N,24.0,each,667,2,BEVERAGE,6-32432-33311-3,N,1.0,12.0,cs,2,Food,N,0,,55.0,water & beverages
249377,202301950,602.66,I-11792,2.0,51.4,51.4,cs,25.7,YERBA MATE CRAN POM 355ML,2023-03-21,SUMMIT SPECIALTY FOODS LTD,88,B,N,24.0,each,667,2,BEVERAGE,6-32432-33331-1,N,1.0,12.0,cs,2,Food,N,0,,55.0,water & beverages
249340,202301614,677.32,I-11793,3.0,85.05,85.05,cs,28.35,YERBA MATE LEMON ELATION 458ML,2023-03-07,SUMMIT SPECIALTY FOODS LTD,88,B,N,36.0,each,667,2,BEVERAGE,6-32432-71779-1,N,1.0,12.0,cs,2,Food,N,0,,55.0,water & beverages
252096,0252095,-85.05,I-11795,-2.0,-56.7,-56.7,cs,28.35,YERBA MATE ENLIGHTEN MINT 458M,2023-04-19,STORE: Ikes UBC,99,F,N,-24.0,each,215,2,BEVERAGE,6-32432-75779-7,N,1.0,12.0,cs,2,Food,N,0,,55.0,water & beverages
252642,2000166262,-3.36,I-12157,-1.0,-3.05,-3.05,ea,3.05,ALMOND CHOC TETRA 250ML EARTH',2023-04-10,GORDON FOOD SERVICE (GFS),27,C,Y,-250.0,ea,26,2,BEVERAGE,1198792,N,250.0,24.0,cs,2,Food,Y,0,,26.0,tree nuts and seeds
248786,548111,148.17,I-1263,1.0,9.01,9.01,6 pk,9.01,SQUARE RICE CRISPY (6 PACK),2023-03-03,Sevco Enterprises Ltd.,81,B,Y,6.0,CT,530,19,BAKED GOODS,PFB050,N,1.0,6.0,6 pk,2,Food,Y,0,,25.0,rice
251424,0251423,-17.7,I-1275,-2.0,-7.8,-7.8,LOAF,3.9,LOAF WHOLE WHEAT SANDWICH ,2023-04-11,STORE: VANIER CC00537,81,F,N,-2.0,LOAF,166,11,BREAD,1169g,N,1.0,1.0,LOAF,2,Food,N,0,,24.0,"wheat/rye (bread, pasta, baked goods)"
249456,26207,226.44,I-1284,1.0,32.96,32.96,CA,32.96,DATE SQUARE GF,2023-03-15,WENDEL'S TRUE FOODS,27,B,Y,12.0,each,60,19,BAKED GOODS,2225RTC,N,1.0,12.0,CA,2,Food,Y,0,,24.0,"wheat/rye (bread, pasta, baked goods)"
252688,3196410544,754.7,I-13275,1.0,20.22,20.22,cs,20.22,WATER VITAMIN ZERO RISE,2023-04-13,COCA-COLA BOTTLING CO.,78,B,N,12.0,591ML,14,2,BEVERAGE,1300384,N,1.0,12.0,cs,2,Food,N,0,,55.0,water & beverages
250442,05200978,6001.27,I-13424,10.0,1001.5,1001.5,cs,100.15,CHICK SKEWERS 75g SOUVLAKI,2023-03-22,CENTENNIAL FOODSERVICE,9,B,N,599.985,Kg,11,30,POULTRY,61440,N,13.333,4.5,cs,2,Food,N,0,,4.0,"poultry (chicken, turkey)"
249032,0000860923,906.35,I-13551,2.0,96.0,96.0,TUB,48.0,ICE CREAM STRAWBERRY 11.4L,2023-03-01,TRANSCOLD DISTRIBUTION LTD.,51,B,N,22.8,TUB,57,28,ICECREAM/NOVELTY/GELATO,IF606204,N,11.4,1.0,TUB,2,Food,N,0,,7.0,ice cream
249032,0000860923,906.35,I-13553,2.0,96.0,96.0,TUB,48.0,ICE CREAM COOKIE & CREAM 11.4L,2023-03-01,TRANSCOLD DISTRIBUTION LTD.,51,B,N,22.8,TUB,57,28,ICECREAM/NOVELTY/GELATO,IF606123,N,11.4,1.0,TUB,2,Food,N,0,,7.0,ice cream
248597,0000862469,1132.35,I-13630,2.0,96.0,96.0,TUB,48.0,ICE CREAM BANA FUDGE SW 11.4L,2023-03-08,TRANSCOLD DISTRIBUTION LTD.,51,B,Y,22.8,TUB,57,28,ICECREAM/NOVELTY/GELATO,IF606104,N,11.4,1.0,TUB,2,Food,N,0,,7.0,ice cream
248964,INV1215107,236.08,I-13756,2.0,25.42,25.42,750ML,12.71,SYRUP MONIN CARAMEL,2023-03-13,BRUCE AND CLARK FOOD SERVICE,5,B,Y,1.5,750ML,6,2,BEVERAGE,MONSY-CARAMEL,N,0.75,1.0,750ML,2,Food,Y,0,,43.0,sugars and sweeteners
248888,0248887,-676.69,I-13787,-1.0,-20.6,-20.6,cs,20.6,COOKIE GINGER GF,2023-03-16,STORE: LAW CC00556,41,F,N,-12.0,CT,285,19,BAKED GOODS,8410RTC,N,1.0,12.0,cs,2,Food,N,0,,24.0,"wheat/rye (bread, pasta, baked goods)"
250025,26155,128.36,I-13790,1.0,29.55,29.55,cs,29.55,BROWNIE GF CHOC 3X3 WRAPPED,2023-03-08,WENDEL'S TRUE FOODS,81,B,Y,12.0,CT,60,19,BAKED GOODS,2654RTC,N,1.0,12.0,cs,2,Food,Y,0,,24.0,"wheat/rye (bread, pasta, baked goods)"
249482,1061819938,47.7,I-13898,1.0,31.75,31.75,cs,31.75,SUI CHOY SHREDDED,2023-03-10,FRESH POINT,36,B,N,5.0,lb,23,4,PRODUCE,0856920,N,1.0,5.0,cs,2,Food,N,0,,36.0,cabbages and other brassicas (broccoli)
249266,6881010175,306.8,I-14040,1.0,10.46,10.46,cs,10.46,MILK 2 GO VANILLA,2023-03-13,SAPUTO DAIRY PRODUCTS,88,B,N,6.0,un,52,9,DAIRY,131151,N,1.0,1.0,un,2,Food,N,0,,9.0,milk (cow's milk)
247948,6881009936,305.0,I-14041,6.0,10.44,10.44,un,1.74,MILK 2 GO SUGAR REDUC CHOC473M,2023-03-01,SAPUTO DAIRY PRODUCTS,88,B,N,6.0,bottle,52,9,DAIRY,131149,N,1.0,1.0,un,2,Food,N,0,,9.0,milk (cow's milk)
250731,0000867149,584.35,I-14305,3.0,144.0,144.0,TUB,48.0,ICE CREAM ROCKY ROAD 11.4 l,2023-03-29,TRANSCOLD DISTRIBUTION LTD.,81,B,Y,34.2,TUB,57,28,ICECREAM/NOVELTY/GELATO,IF606177,N,11.4,1.0,TUB,2,Food,N,0,,7.0,ice cream
251363,9001385785,714.58,I-15334,1.0,59.52,59.52,CA,59.52,"ROLL PPR THERMAL 2.25""X60'",2023-04-05,GORDON FOOD SERVICE (GFS),82,B,N,100.0,CT,26,40,SUPPLY,1314080,N,1.0,100.0,CA,4,Misc. ,N,0,,61.0,kitchen supplies
252098,0252097,-1050.62,I-1559,-1.0,-27.56,-27.56,bottle,27.56,SWEETENER HONEY 1 LITER,2023-04-19,STORE: LAW CC00556,41,F,N,-1.0,bottle,285,2,BEVERAGE,MONSWEET-HONEY1L,N,1.0,1.0,bottle,2,Food,N,0,,43.0,sugars and sweeteners
251936,0251935,-113.35,I-1561,-1.0,-17.3,-17.3,bottle,17.3,SYRUP MONIN SUGAR FREE,2023-04-16,STORE: LAW CC00556,39,F,N,-1.0,bottle,285,2,BEVERAGE,MONSWEET-SUGARFREE,N,1.0,1.0,bottle,2,Food,N,0,,43.0,sugars and sweeteners
250657,INV1215253,430.3,I-1564,4.0,60.68,60.68,bottle,15.17,SYRUP CANE SUGAR,2023-03-21,BRUCE AND CLARK FOOD SERVICE,9,B,Y,4.0,bottle,6,2,BEVERAGE,1630,N,0.75,1.0,bottle,2,Food,Y,0,,43.0,sugars and sweeteners
248040,71990539,2594.21,I-1568,1.0,22.39,22.39,bottle,22.39,SYRUP CHOCOLATE,2023-03-02,SNOW CAP ENTERPRISES LTD.,9,B,Y,2.363,750ML,54,2,BEVERAGE,,N,1.0,6.0,cs,2,Food,Y,0,,52.0,cocoa
252207,INV1215570,1198.68,I-1577,6.0,76.26,76.26,750ML,12.71,SYRUP MONIN LEMON,2023-04-05,BRUCE AND CLARK FOOD SERVICE,81,B,N,6.0,750ML,6,2,BEVERAGE,MONSY-LEMON,N,1.0,1.0,750ML,2,Food,N,0,,43.0,sugars and sweeteners
248433,INV1214974,478.36,I-1578,6.0,76.26,76.26,750ML,12.71,SYRUP MONIN LIME 750ML,2023-03-07,BRUCE AND CLARK FOOD SERVICE,81,B,N,6.0,750ML,6,2,BEVERAGE,MONSY-LIME,N,1.0,1.0,750ML,2,Food,N,0,,43.0,sugars and sweeteners
252207,INV1215570,1198.68,I-1583,6.0,76.26,76.26,750ML,12.71,SYRUP MONIN STRAWBERRY,2023-04-05,BRUCE AND CLARK FOOD SERVICE,81,B,N,6.0,750ML,6,2,BEVERAGE,MONSY-STRAWBERRY,N,1.0,1.0,750ML,2,Food,N,0,,43.0,sugars and sweeteners
247973,9001094224,8190.64,I-16007,1.0,49.73,49.73,CA,49.73,CAKE SHEET CARROT COUNTRY,2023-03-03,GORDON FOOD SERVICE (GFS),9,B,N,2.0,SHEET,26,19,BAKED GOODS,1174125,N,1.0,2.0,CA,2,Food,N,0,,24.0,"wheat/rye (bread, pasta, baked goods)"
247802,3192799647,885.95,I-1609,1.0,30.02,30.02,CA,30.02,ROOT BEER A&W 500ml,2023-03-02,COCA-COLA BOTTLING CO.,78,B,N,24.0,500ML,14,2,BEVERAGE,00059531002892,N,1.0,24.0,cs,2,Food,N,0,,50.0,barley (beer)
248844,9001112005,5870.81,I-16095,1.0,56.1,56.1,cs,56.1,BAR LEMON BURST MACAROON,2023-03-06,GORDON FOOD SERVICE (GFS),81,B,N,2.0,SHEET,26,19,BAKED GOODS,5693005,N,1.0,2.0,cs,2,Food,N,0,,24.0,"wheat/rye (bread, pasta, baked goods)"
248066,9001094419,1210.05,I-16135,1.0,131.16,131.16,cs,131.16,SAUSAGE PORK CHORIZO MEAT,2023-03-03,GORDON FOOD SERVICE (GFS),5,B,N,10.0,Kg,26,5,MEAT,UBC1758,N,1.0,1.0,Kg,2,Food,N,0,,3.0,pork (pig meat)
248983,9001094425,577.75,I-1618,1.0,29.73,29.73,CA,29.73,ROOT BEER BQ 500ML,2023-03-03,GORDON FOOD SERVICE (GFS),36,B,Y,24.0,500ML,26,2,BEVERAGE,1267127,N,1.0,24.0,CA,2,Food,N,0,,50.0,barley (beer)
249850,9001259683,5877.56,I-16186,1.0,42.33,42.33,cs,42.33,VINEGAR BALSAMIC 6YR TFC,2023-03-22,GORDON FOOD SERVICE (GFS),81,B,N,10.0,bottle,26,16,FOOD - GROCERY,8480805,N,5.0,2.0,cs,2,Food,N,0,,57.0,vinegar 
248188,442187957,6627.65,I-1619,1.0,54.97,54.97,cs,54.97,ROOT BEER BQ BIB 20L,2023-03-03,SYSCO,21,B,N,20.0,BIB 20L,119,2,BEVERAGE,3058,N,20.0,1.0,cs,2,Food,N,0,,50.0,barley (beer)
247802,3192799647,885.95,I-1627,1.0,30.02,30.02,CA,30.02,GINGER ALE CD 500ML,2023-03-02,COCA-COLA BOTTLING CO.,78,B,N,24.0,500ML,14,2,BEVERAGE,1267995,N,1.0,24.0,cs,2,Food,N,0,,55.0,water & beverages
250181,9001216349,409.91,I-1633,1.0,5.77,5.77,CA,5.77,TONIC WATER CD  (12pk),2023-03-17,GORDON FOOD SERVICE (GFS),2,B,N,12.0,355ML,26,2,BEVERAGE,7999396,N,1.0,12.0,cs,2,Food,N,0,,55.0,water & beverages
248190,442184474,4638.44,I-1638,1.0,29.79,29.79,cs,29.79,COKE ZERO BIB 10L,2023-03-01,SYSCO,21,B,N,10.0,BIB 10L,119,2,BEVERAGE,1062643,N,10.0,1.0,cs,2,Food,N,0,,55.0,water & beverages
247802,3192799647,885.95,I-1648,1.0,30.02,30.02,CA,30.02,COKE DIET 500ML,2023-03-02,COCA-COLA BOTTLING CO.,78,B,N,24.0,500ML,14,2,BEVERAGE,1268013,N,1.0,24.0,cs,2,Food,N,0,,55.0,water & beverages
247973,9001094224,8190.64,I-1651,1.0,64.58,64.58,cs,64.58,COKE DIET BIB 20L,2023-03-03,GORDON FOOD SERVICE (GFS),9,B,N,115.0,BIB 20L,26,2,BEVERAGE,8503405,N,115.0,1.0,cs,2,Food,N,0,,55.0,water & beverages
248012,3192835967,1794.57,I-1652,1.0,15.91,15.91,cs,15.91,COKE DIET 2L,2023-03-02,COCA-COLA BOTTLING CO.,88,B,N,8.0,bottle,14,2,BEVERAGE,00067000104466,N,1.0,8.0,cs,2,Food,N,0,,55.0,water & beverages
248384,9001144506,4418.22,I-1653,1.0,36.12,36.12,BIB 10L,36.12,COKE DIET BIB 10L,2023-03-09,GORDON FOOD SERVICE (GFS),51,B,N,1.0,cs,26,2,BEVERAGE,1110698,N,10.0,1.0,cs,2,Food,N,0,,55.0,water & beverages
249013,9001123408,981.31,I-1665,1.0,29.73,29.73,cs,29.73,FRESCA 500ML,2023-03-07,GORDON FOOD SERVICE (GFS),27,B,N,24.0,500ML,26,2,BEVERAGE,1267993,N,1.0,24.0,cs,2,Food,N,0,,55.0,water & beverages
247802,3192799647,885.95,I-1676,1.0,20.22,20.22,CA,20.22,WATER VITAMIN MEGA,2023-03-02,COCA-COLA BOTTLING CO.,78,B,N,12.0,591ML,14,2,BEVERAGE,00786162650146,N,1.0,12.0,cs,2,Food,N,0,,55.0,water & beverages
251938,0251937,-299.27,I-1697,-75.0,-164.25,-164.25,473ML,2.19,MONSTER ENERGY-K 473M,2023-04-16,STORE: LAW CC00556,39,F,N,-75.0,473ML,285,2,BEVERAGE,00070847811152,N,1.0,12.0,cs,2,Food,N,0,,55.0,water & beverages
250236,0250235,-220.55,I-16984,-1.0,-14.8,-14.8,L,14.8,SYRUP MONIN PURE CANE ,2023-03-28,STORE: Arts UBC,41,F,N,-1.0,L,214,2,BEVERAGE,MONSWEET-CANE-1L,N,1.0,1.0,L,2,Food,N,0,,43.0,sugars and sweeteners
247802,3192799647,885.95,I-1707,1.0,30.02,30.02,CA,30.02,NESTEA COOL SW&LEMN 500ML,2023-03-02,COCA-COLA BOTTLING CO.,78,B,N,24.0,500ML,14,2,BEVERAGE,00055000174039,N,1.0,24.0,cs,2,Food,N,0,,55.0,water & beverages
248072,3192768230,740.23,I-1713,1.0,13.89,13.89,cs,13.89,NESTEA SWEET&LEMON 500ML,2023-03-02,COCA-COLA BOTTLING CO.,79,B,N,12.0,500ML,14,2,BEVERAGE,1176233,N,1.0,12.0,CA,2,Food,N,0,,55.0,water & beverages
248190,442184474,4638.44,I-1716,1.0,67.82,67.82,cs,67.82,NESTEA SWEET&LEM BIB20L,2023-03-01,SYSCO,21,B,N,20.0,BIB 20L,119,2,BEVERAGE,3130,N,115.0,1.0,cs,2,Food,N,0,,55.0,water & beverages
249117,9001195351,755.45,I-1719,1.0,14.87,14.87,cs,14.87,POWERADE GRAPE,2023-03-15,GORDON FOOD SERVICE (GFS),82,B,N,12.0,each,26,2,BEVERAGE,1330341,N,1.0,12.0,cs,2,Food,N,0,,55.0,water & beverages
249924,9001283679,146.09,I-1727,1.0,14.87,14.87,cs,14.87,POWERADE ZERO MIX BERRY,2023-03-24,GORDON FOOD SERVICE (GFS),82,B,N,12.0,710ml,26,2,BEVERAGE,1348793,N,1.0,12.0,cs,2,Food,N,0,,55.0,water & beverages
248245,9001094222,470.96,I-1732,2.0,23.12,23.12,cs,11.56,SPRITE 355ML,2023-03-03,GORDON FOOD SERVICE (GFS),17,B,Y,48.0,355ML,26,2,BEVERAGE,1009488,N,1.0,24.0,cs,2,Food,Y,0,,55.0,water & beverages
250628,442214963,5746.57,I-1734,1.0,54.97,54.97,cs,54.97,SPRITE BIB 20L,2023-03-22,SYSCO,21,B,N,20.0,BIB 20L,119,2,BEVERAGE,3088,N,120.0,1.0,cs,2,Food,N,0,,55.0,water & beverages
248012,3192835967,1794.57,I-1735,1.0,15.91,15.91,cs,15.91,SPRITE 2L,2023-03-02,COCA-COLA BOTTLING CO.,88,B,N,8.0,bottle,14,2,BEVERAGE,00067000104688,N,1.0,8.0,cs,2,Food,N,0,,55.0,water & beverages
248143,1061818523,711.9,I-1759,1.0,14.9,14.9,CT,14.9,JUICE LIME SUN ORCHARD,2023-03-03,FRESH POINT,2,B,Y,64.0,JUG,23,2,BEVERAGE,0402211,N,64.0,1.0,CT,2,Food,Y,0,,55.0,water & beverages
248505,9001133184,903.53,I-17626,2.0,20.84,20.84,cs,10.42,CHIP PRINGLES REG SML CAN,2023-03-08,GORDON FOOD SERVICE (GFS),82,B,N,24.0,ea,26,230,"CHIPS, PRETZELS, NUTS",1215004,N,1.0,12.0,cs,2,Food,N,0,,41.0,potatoes
247825,05197326,415.15,I-17670,1.0,87.15,87.15,BX,87.15,BEEF ROAST SLICED,2023-03-02,CENTENNIAL FOODSERVICE,51,B,N,150.0,pak,11,23,DELI & PREPARED MEAT,59110,N,25.0,6.0,cs,2,Food,N,0,,1.0,beef & buffalo meat
251596,05204510,2184.48,I-17677,3.0,152.25,152.25,cs,50.75,SAUSAGE PORK BREAKFAST.,2023-04-11,CENTENNIAL FOODSERVICE,9,B,N,15.0,Kg,11,5,MEAT,55972,N,1.0,5.0,cs,2,Food,N,0,,3.0,pork (pig meat)
248517,0248516,-26.39,I-1770,-1.0,-26.39,-26.39,cs,26.39,CRYSTAL LEM PINK TFC,2023-03-12,STORE: Orchard Commons Dining Room,51,F,N,-5100.0,pak,231,2,BEVERAGE,1198210,N,425.0,12.0,cs,2,Food,N,0,,55.0,water & beverages
251640,2000165380,-365.19,I-1772,-10.0,-347.8,-347.8,cs,34.78,CRYSTAL TEA ICED,2023-04-10,GORDON FOOD SERVICE (GFS),81,C,Y,-45000.0,pak,26,2,BEVERAGE,1198220,N,375.0,12.0,cs,2,Food,Y,0,,55.0,water & beverages
249556,71997946,32.57,I-18639,1.0,32.57,32.57,SHEET,32.57,CAKE SHEET TRIPLEBERRY CRUMBLE,2023-03-16,SNOW CAP ENTERPRISES LTD.,51,B,N,1.0,SHEET,54,19,BAKED GOODS,OC13,N,1.0,1.0,SHEET,2,Food,N,0,,24.0,"wheat/rye (bread, pasta, baked goods)"
249796,06565767,-485.19,I-18641,-3.0,-433.2,-463.524,cs,144.4,LINER PARCHMENT ENVIROBAKE,2023-03-16,CENTENNIAL FOODSERVICE,51,C,N,-3000.0,CT,11,24,DISPOSABLES,89135,N,1.0,1000.0,cs,4,Misc. ,N,0,,61.0,kitchen supplies
249124,1061818909,176.95,I-18760,1.0,6.75,6.75,cs,6.75,HERB BASIL 4OZ,2023-03-06,FRESH POINT,95,B,N,1.0,cs,23,4,PRODUCE,0680104,N,1.0,1.0,cs,2,Food,N,0,,63.0,herbs
247973,9001094224,8190.64,I-19169,1.0,145.35,145.35,cs,145.35,GLOVE NITRILE N/PWDR BLK XLG,2023-03-03,GORDON FOOD SERVICE (GFS),9,B,N,1000.0,box,26,40,SUPPLY,1241757,N,100.0,10.0,cs,4,Misc. ,N,0,,61.0,kitchen supplies
249249,9001132154,1247.6,I-19298,1.0,31.38,31.38,CA,31.38,CORE POWER VANIL 414ml,2023-03-08,GORDON FOOD SERVICE (GFS),88,B,N,12.0,bottle,26,2,BEVERAGE,1423926,N,1.0,12.0,CA,2,Food,N,0,,55.0,water & beverages
249089,71996424,1302.76,I-19567,1.0,48.75,48.75,PL,48.75,PEANUT BUTTER NATURAL TFC,2023-03-14,SNOW CAP ENTERPRISES LTD.,83,B,N,10.0,Kg,54,16,FOOD - GROCERY,3301517,N,1.0,10.0,cs,2,Food,N,0,,5.0,butter
249405,0249404,-76.78,I-19636,-2.0,-14.2,-14.2,cs,7.1,APPLES GALA ROYAL US,2023-03-21,STORE: Arts UBC,41,F,N,-20.0,ea,214,4,PRODUCE,0100102,N,1.0,10.0,cs,2,Food,N,0,,32.0,apples
249111,SI507584,114.64,I-19700,4.0,12.76,12.76,pak,3.19,DUMPLING PORK JAPANESE 5PC,2023-03-01,BENTO NOUVEAU LTD. SUSHI,82,B,N,4.0,pak,4,41,SUSHI,180024,N,1.0,1.0,pak,2,Food,N,0,,3.0,pork (pig meat)
249876,1848294,1796.04,I-19856,4.0,376.44,376.44,ea,94.11,PRAWN SKEWER 5PC OW 41/50,2023-03-16,INTERCITY PACKERS LTD (Albion),81,B,Y,4.0,ea,2,14,SEAFOOD,20000828,N,1.0,1.0,ea,2,Food,Y,0,,13.0,crustaceans (shrimp/prawns)
249480,2036658,733.2,I-19986,1.0,47.0,47.0,cs,47.0,GINGER SUSHI,2023-03-06,WISMETTAC ASIAN FOODS,16,B,Y,11325.0,Kg,125,16,FOOD - GROCERY,2201026,N,1.0,9.0,cs,2,Food,N,0,,38.0,root vegetables
248384,9001144506,4418.22,I-2016,1.0,220.74,220.74,JUG,220.74,CLEANER FLOORWASH N WALK,2023-03-09,GORDON FOOD SERVICE (GFS),51,B,N,1.0,JUG,26,22,CLEANING,1274305,N,1.0,1.0,JUG,4,Misc. ,N,0,,61.0,kitchen supplies
247874,9001070944,8370.49,I-2020,1.0,163.4,163.4,cs,163.4,CLEANER ORANGE FORCE 137,2023-03-01,GORDON FOOD SERVICE (GFS),51,B,N,1.0,JUG,26,22,CLEANING,8774005,N,1.0,1.0,cs,4,Misc. ,N,0,,61.0,kitchen supplies
247973,9001094224,8190.64,I-2026,1.0,183.92,183.92,cs,183.92,DETERGENT APEX MAN POT & PAN,2023-03-03,GORDON FOOD SERVICE (GFS),9,B,N,2.0,pail,26,22,CLEANING,1127190,N,1.0,2.0,cs,4,Misc. ,N,0,,61.0,kitchen supplies
250988,0250987,-41.76,I-2027,-2.0,-41.76,-41.76,JUG,20.88,DETERGENT DISH PAN DANDY MANU,2023-04-03,STORE: VANIER CC00537,81,F,N,-2.0,JUG,166,22,CLEANING,1180849,N,1.0,4.0,cs,4,Misc. ,N,0,,61.0,kitchen supplies
250176,9001260319,1119.5,I-2036,1.0,15.69,15.69,pak,15.69,"FILTER GREASE CONE 10""",2023-03-22,GORDON FOOD SERVICE (GFS),2,B,Y,50.0,pak,26,22,CLEANING,6700967,N,50.0,10.0,cs,4,Misc. ,Y,0,,61.0,kitchen supplies
248844,9001112005,5870.81,I-2038,1.0,166.86,166.86,cs,166.86,PRESOAK FLATWARE LIQ CPS 490,2023-03-06,GORDON FOOD SERVICE (GFS),81,B,N,4.0,JUG,26,22,CLEANING,1391989,N,1.0,4.0,cs,4,Misc. ,N,0,,61.0,kitchen supplies
250308,9001283316,7626.41,I-20435,1.0,27.99,27.99,cs,27.99,TISSUE FACIAL BOX WHT 2PLY 100,2023-03-24,GORDON FOOD SERVICE (GFS),9,B,N,36.0,pak,26,24,DISPOSABLES,6130405,N,1.0,36.0,cs,4,Misc. ,N,0,,61.0,kitchen supplies
248362,9001094414,7971.34,I-2048,1.0,47.94,47.94,cs,47.94,SOAP HAND CLEAN AND SMOOTH,2023-03-03,GORDON FOOD SERVICE (GFS),81,B,N,6.0,JUG,26,22,CLEANING,1253489,N,1.0,6.0,cs,4,Misc. ,N,0,,61.0,kitchen supplies
251674,1061824518,131.42,I-2071,6.0,51.42,51.42,4L,8.57,MILK 2% (4/4LT)MEADOWFRESH,2023-04-04,FRESH POINT,5,B,Y,24.0,4L,23,9,DAIRY,0504420,N,4.0,4.0,cs,2,Food,N,0,,9.0,milk (cow's milk)
247891,9001111653,1171.74,I-2161,1.0,86.16,86.16,cs,86.16,EGG OMELETTE PLAIN FOLDED,2023-03-06,GORDON FOOD SERVICE (GFS),88,B,N,80.0,PTN,26,9,DAIRY,1299837,N,1.0,80.0,cs,2,Food,N,0,,11.0,eggs
249038,2318855,900.24,I-2168,12.0,155.88,155.88,bag,12.99,MILK POWDER SKIM INST,2023-03-14,CANTEEN OF CANADA  LTD,51,B,N,6.0,bag,650,9,DAIRY,,N,0.5,1.0,bag,2,Food,N,0,,54.0,stimulants & spices misc.
250526,6881010358,421.33,I-2193,1.0,5.64,5.64,bag,5.64,MILKETTES 2% 160X9ML,2023-03-22,SAPUTO DAIRY PRODUCTS,27,B,N,160.0,bag,52,9,DAIRY,130375,N,160.0,1.0,bag,2,Food,N,0,,9.0,milk (cow's milk)
248708,0248707,-100.7,I-2221,-1.0,-43.32,-43.32,un,43.32,MILK CHOC 20L - BAG,2023-03-14,STORE: Orchard Commons Dining Room,51,F,N,-20.0,un,231,9,DAIRY,130617,N,20.0,1.0,un,2,Food,N,0,,9.0,milk (cow's milk)
252524,9001502072,430.47,I-22490,1.0,52.33,52.33,cs,52.33,FLATBREAD OVEAL 5X12.5 FZN,2023-04-18,GORDON FOOD SERVICE (GFS),27,B,Y,48.0,ea,26,11,BREAD,1222373,N,1.0,48.0,cs,2,Food,Y,0,,24.0,"wheat/rye (bread, pasta, baked goods)"
251765,9001416314,979.0,I-22634,3.18,57.75,57.75,Kg,18.16,BACON BACK ERUO STYLE FRSH,2023-04-08,GORDON FOOD SERVICE (GFS),2,B,Y,3.18,Kg,26,5,MEAT,1209816,N,1.0,1.0,Kg,2,Food,Y,0,,3.0,pork (pig meat)
249904,IN107888,390.42,I-2353,2.0,64.92,64.92,cs,32.46,"9""X6"" 2-COMPARTMENT CLAMSHELL",2023-03-20,MOSHE PAPER ,27,B,Y,500.0,CT,288,24,DISPOSABLES,A01-OME-B002,N,1.0,200.0,cs,4,Misc. ,N,0,,61.0,kitchen supplies
248844,9001112005,5870.81,I-2381,1.0,147.96,147.96,cs,147.96,CHOPSTICK BAMBOO PPR WRPD 9IN,2023-03-06,GORDON FOOD SERVICE (GFS),81,B,N,2000.0,box,26,24,DISPOSABLES,1358755,N,50.0,40.0,cs,4,Misc. ,N,0,,61.0,kitchen supplies
248686,9001094263,4305.55,I-2386,1.0,47.32,47.32,cs,47.32,ECO CUTLERY FORK WOODEN,2023-03-03,GORDON FOOD SERVICE (GFS),16,B,N,1000.0,box,26,24,DISPOSABLES,1362857,N,50.0,20.0,cs,4,Misc. ,N,0,,61.0,kitchen supplies
251169,9001346513,210.09,I-23898,2.0,10.72,10.72,ea,5.36,STRIP TEST PPR QUAT SANITIZER,2023-03-31,GORDON FOOD SERVICE (GFS),88,B,N,2.0,ea,26,22,CLEANING,1249206,N,1.0,1.0,ea,4,Misc. ,N,0,,61.0,kitchen supplies
249022,9001185335,7277.82,I-2392,1.0,12.21,12.21,cs,12.21,FIRST AID BANDAGE FABRIC BLUE,2023-03-14,GORDON FOOD SERVICE (GFS),51,B,N,100.0,CT,26,40,SUPPLY,6740597,N,1.0,100.0,cs,4,Misc. ,N,0,,61.0,kitchen supplies
250615,1061823207,1944.3,I-23997,1.0,12.0,12.0,cs,12.0,ORANGES BLOOD,2023-03-28,FRESH POINT,51,B,Y,5.0,lb,23,4,PRODUCE,0128008,N,1.0,5.0,cs,2,Food,Y,0,,35.0,citrus fruit 
250173,9001238103,1701.47,I-2411,1.0,15.54,15.54,pak,15.54,LBL FOOD ROTATION DISSOLVE 2X3,2023-03-20,GORDON FOOD SERVICE (GFS),2,B,N,250.0,pak,26,40,SUPPLY,1394270,N,250.0,1.0,pak,4,Misc. ,N,0,,61.0,kitchen supplies
247973,9001094224,8190.64,I-2422,1.0,78.58,78.58,cs,78.58,PAD GRIDDLE POLS 46 BLK 4X5.25,2023-03-03,GORDON FOOD SERVICE (GFS),9,B,N,60.0,pak,26,40,SUPPLY,6120257,N,20.0,3.0,cs,4,Misc. ,N,0,,61.0,kitchen supplies
249851,9001271332,7700.61,I-2428,4.0,42.56,42.56,cs,10.64,STRING BUTCHER MED WEIGHT #4R,2023-03-23,GORDON FOOD SERVICE (GFS),81,B,N,4.0,CT,26,40,SUPPLY,6750017,N,1.0,1.0,cs,4,Misc. ,N,0,,61.0,kitchen supplies
248614,142583,402.49,I-2501,1.0,95.23,95.23,cs,95.23,COFFEE SUPER DARK 110g,2023-03-02,ETHICAL BEAN,51,B,N,42.0,pak,21,25,FAIR TRADE,422SUPER110G,N,1.0,42.0,cs,2,Food,N,0,,53.0,coffee
248590,9001156732,5064.05,I-2607,4.0,210.64,210.64,cs,52.66,FRIES SUPERSPIRAL SPICY TFC,2023-03-10,GORDON FOOD SERVICE (GFS),51,B,N,96.0,bag,26,4,PRODUCE,5412605,N,4.0,6.0,cs,2,Food,N,0,,41.0,potatoes
248383,9001132129,4406.91,I-2616,2.0,126.68,126.68,cs,63.34,HASHBROWN DCD RISE N FRY TFC,2023-03-08,GORDON FOOD SERVICE (GFS),51,B,N,60.0,bag,26,4,PRODUCE,1070043,N,5.0,6.0,cs,2,Food,N,0,,41.0,potatoes
247784,71990893,609.06,I-2631,6.0,190.8,190.8,PL,31.8,MUFFIN BATT CARROT TFC,2023-03-03,SNOW CAP ENTERPRISES LTD.,83,B,N,90.0,L,54,20,BAKING-RAW INGREDIENTS,TS8001,N,1.0,8.0,CA,2,Food,N,0,,38.0,root vegetables
249480,2036658,733.2,I-26887,1.0,62.0,62.0,ea,62.0,SAKE,2023-03-06,WISMETTAC ASIAN FOODS,16,B,N,18.0,BIB 20L,125,76,"PACKAGED BEER, CIDER",283853,N,18.0,1.0,BIB 20L,8,"Liq,Wine,Beer ",N,0,,51.0,wine grapes (wine)
248126,9001081628,504.98,I-2716,1.0,49.03,49.03,cs,49.03,SOUP CHOWDER CLAM BOSTON,2023-03-02,GORDON FOOD SERVICE (GFS),27,B,N,5.43,BLOCK,26,16,FOOD - GROCERY,5909605,N,1.81,3.0,cs,2,Food,N,0,,59.0,manually adjusted
248593,9001111666,352.06,I-2752,1.0,44.8,44.8,cs,44.8,SOUP VEG BEEF BARLEY NO MSG,2023-03-06,GORDON FOOD SERVICE (GFS),41,B,N,1.81,BLOCK,26,16,FOOD - GROCERY,5832605,N,1.81,1.0,cs,2,Food,N,0,,1.0,beef & buffalo meat
250013,0250012,-81.47,I-2769,-12.0,-19.2,-19.2,CT,1.6,SAMOSA CHICKEN ,2023-03-27,STORE: LAW CC00556,39,F,N,-12.0,CT,285,16,FOOD - GROCERY,1002,N,1.0,1.0,CT,2,Food,N,0,,4.0,"poultry (chicken, turkey)"
248541,7601064,546.76,I-27696,1.0,36.72,36.72,cs,36.72,Barbara Bakery Cheese Puffs,2023-03-10,HORIZON DISTRIBUTORS,82,B,N,12.0,each,133,304,HM SAVOURY SNACKS,36109,N,1.0,12.0,cs,2,Food,N,0,,6.0,cheese
251367,7608804,427.09,I-27697,1.0,31.8,31.8,cs,31.8,Barbara Bakery Cheese Puffs WC,2023-04-04,HORIZON DISTRIBUTORS,82,B,N,12.0,each,133,304,HM SAVOURY SNACKS,36128,N,1.0,12.0,cs,2,Food,N,0,,6.0,cheese
247830,20230158,754.8,I-2770,24.0,46.08,46.08,CT,1.92,SAMOSA SPINACH ,2023-03-03,SIMPLY CURRIES INC.,41,B,Y,24.0,CT,53,16,FOOD - GROCERY,1004,N,1.0,1.0,CT,2,Food,Y,0,,59.0,manually adjusted
250234,0250233,-51.96,I-28195,-0.25,-13.56,-13.56,cs,54.22,LID FOR 10-20Z WHT CUP PPR HOT,2023-03-28,STORE: LAW CC00556,41,F,N,-250.0,each,285,24,DISPOSABLES,1115231,N,1.0,1000.0,cs,4,Misc. ,N,0,,61.0,kitchen supplies
252241,144196,431.81,I-29517,12.0,29.2,29.2,box,2.4333,CLEANING TABLET CAFIZA ESPRSS ,2023-04-17,ETHICAL BEAN,51,B,Y,1200.0,ea,21,22,CLEANING,CLEANCAFTAB100,N,1.0,100.0,box,4,Misc. ,N,0,,61.0,kitchen supplies
250792,9001333265,2352.89,I-30507,1.0,75.19,75.19,cs,75.19,"WRAP FOIL HD 18"" 45CMX100M",2023-03-30,GORDON FOOD SERVICE (GFS),51,B,Y,328.0,CT,26,40,SUPPLY,1168641,N,328.0,1.0,cs,4,Misc. ,N,0,,61.0,kitchen supplies
250214,72002378,424.6,I-3067,1.0,116.9,116.9,cs,116.9,JAM RASPBERRY 14kg ,2023-03-24,SNOW CAP ENTERPRISES LTD.,51,B,Y,14.0,Kg,54,16,FOOD - GROCERY,SBF14750,N,1.0,14.0,cs,2,Food,Y,0,,34.0,berries
250139,1061822850,602.55,I-31021,1.0,33.35,33.35,CA,33.35,MUSHROOMS OYSTER KING,2023-03-27,FRESH POINT,17,B,N,5.0,lb,23,172,ZDONT USE FOOD,0244110,N,1.0,5.0,cs,2,Food,N,0,,62.0,mushrooms
248950,9001156748,1231.7,I-31059,1.0,220.74,220.74,JUG,220.74,CLEANER FLOOR WASH AND WALK ,2023-03-10,GORDON FOOD SERVICE (GFS),2,B,N,332.9,fl oz,26,22,CLEANING,1274305,N,1.0,332.9,JUG,4,Misc. ,N,0,,61.0,kitchen supplies
248666,9001155888,8612.47,I-3140,1.0,55.14,55.14,cs,55.14,BASE SOUP VEG NO MSG TFC,2023-03-10,GORDON FOOD SERVICE (GFS),9,B,N,4.5,Kg,26,16,FOOD - GROCERY,3523267,N,1.0,4.5,cs,2,Food,N,0,,59.0,manually adjusted
248221,9001123406,5126.01,I-3261,1.0,43.04,43.04,cs,43.04,DRESS GDN HERB VINAIG G/FREE,2023-03-07,GORDON FOOD SERVICE (GFS),9,B,N,7.56,JUG,26,16,FOOD - GROCERY,1193904,N,3.78,2.0,cs,2,Food,N,0,,63.0,herbs
250638,9001321851,2837.09,I-3267,1.0,41.53,41.53,cs,41.53,DRESS ITAL GOLDEN G/FREE,2023-03-29,GORDON FOOD SERVICE (GFS),9,B,N,7.56,JUG,26,16,FOOD - GROCERY,1193906,N,3.78,2.0,cs,2,Food,N,0,,58.0,sauces & paste
250457,9001300837,9129.49,I-3272,1.0,47.07,47.07,CA,47.07,DRESS RANCH CREAMY G/FREE,2023-03-27,GORDON FOOD SERVICE (GFS),9,B,N,7.56,JUG,26,16,FOOD - GROCERY,1188837,N,3.78,2.0,CA,2,Food,N,0,,58.0,sauces & paste
248362,9001094414,7971.34,I-3332,2.0,31.62,31.62,cs,15.81,JELLY POWDER ORANGE TFC,2023-03-03,GORDON FOOD SERVICE (GFS),81,B,N,4.0,Kg,26,16,FOOD - GROCERY,1198639,N,1.0,2.0,cs,2,Food,N,0,,54.0,stimulants & spices misc.
251765,9001416314,979.0,I-3338,1.0,44.64,44.64,cs,44.64,KETCHUP PORT,2023-04-08,GORDON FOOD SERVICE (GFS),2,B,N,1000.0,PTN,26,16,FOOD - GROCERY,3400777,N,1.0,1000.0,cs,2,Food,N,0,,58.0,sauces & paste
251526,9001398786,5197.88,I-33576,1.0,119.9,119.9,cs,119.9,NUT PECAN PIECES,2023-04-06,GORDON FOOD SERVICE (GFS),81,B,Y,105.6,Kg,26,16,FOOD - GROCERY,7132405,N,35.2,3.0,cs,2,Food,Y,0,,26.0,tree nuts and seeds
247783,71990267,882.2,I-33601,2.0,179.4,179.4,cs,89.7,BLUEBERRY DRIED BULK,2023-03-02,SNOW CAP ENTERPRISES LTD.,83,B,N,9072.0,oz,54,16,FOOD - GROCERY,DRFR80,N,1.0,160.0,cs,2,Food,N,0,,34.0,berries
249646,9001216334,8903.72,I-3380,1.0,297.62,297.62,cs,297.62,NUT PINE TFC,2023-03-17,GORDON FOOD SERVICE (GFS),81,B,Y,3.0,Kg,26,16,FOOD - GROCERY,6361405,N,1.0,3.0,cs,2,Food,N,0,,26.0,tree nuts and seeds
248844,9001112005,5870.81,I-3395,1.0,53.53,53.53,cs,53.53,OLIVE GREEN MANZANILLA STUFF,2023-03-06,GORDON FOOD SERVICE (GFS),81,B,Y,8.0,4L,26,16,FOOD - GROCERY,2837805,N,4.0,2.0,cs,2,Food,N,0,,49.0,olives (oil)
248663,9001144510,9116.11,I-3410,3.0,119.28,119.28,cs,39.76,PASTA MACARONI ELBOW LRG TFC,2023-03-09,GORDON FOOD SERVICE (GFS),9,B,N,60.0,lb,26,16,FOOD - GROCERY,6859416,N,1.0,20.0,cs,2,Food,N,0,,24.0,"wheat/rye (bread, pasta, baked goods)"
250140,9001300824,1450.5,I-3417,1.0,40.37,40.37,CA,40.37,PASTA RIGATONI TFC,2023-03-27,GORDON FOOD SERVICE (GFS),17,B,N,20.0,lb,26,16,FOOD - GROCERY,9792005,N,1.0,20.0,cs,2,Food,N,0,,24.0,"wheat/rye (bread, pasta, baked goods)"
248541,7601064,546.76,I-34325,3.0,122.4,122.4,cs,40.8,CHOCOLATE HOT ORIGINAL DARK ,2023-03-10,HORIZON DISTRIBUTORS,82,B,Y,6048.0,g,133,25,FAIR TRADE,CCA092,N,1.0,2016.0,cs,2,Food,N,0,,52.0,cocoa
247785,71990931,134.75,I-34437,1.0,55.41,55.41,Kg,55.41,TEA GREEN MATCHA SENCHA,2023-03-03,SNOW CAP ENTERPRISES LTD.,83,B,Y,1000.0,Kg,54,2,BEVERAGE,YFRS20,N,1000.0,1.0,Kg,2,Food,N,0,,55.0,water & beverages
248663,9001144510,9116.11,I-3487,1.0,94.65,94.65,cs,94.65,RICE SUSHI CALROSE,2023-03-09,GORDON FOOD SERVICE (GFS),9,B,N,20.0,Kg,26,16,FOOD - GROCERY,1230008,N,1.0,20.0,cs,2,Food,N,0,,25.0,rice
250637,9001312357,3604.58,I-3499,1.0,19.73,19.73,cs,19.73,SALT PORT TFC,2023-03-28,GORDON FOOD SERVICE (GFS),9,B,N,6000.0,bag,26,18,SPICES,3401217,N,1000.0,6.0,cs,2,Food,N,0,,56.0,salt
249503,9001238099,1020.34,I-3567,1.0,61.99,61.99,cs,61.99,SAUCE TABASCO HOT PPR JALAP,2023-03-20,GORDON FOOD SERVICE (GFS),5,B,N,1704.0,bottle,26,16,FOOD - GROCERY,3464767,N,142.0,12.0,cs,2,Food,N,0,,58.0,sauces & paste
249926,7604374,717.02,I-35768,1.0,30.4,30.4,cs,30.4,PRAN CHOC BARK CARAZEL,2023-03-21,HORIZON DISTRIBUTORS,82,B,Y,8.0,each,133,305,HM SWEET & SAVOURY SNACKS,26087,N,1.0,8.0,cs,2,Food,N,0,,,
249926,7604374,717.02,I-35770,1.0,30.4,30.4,cs,30.4,PRAN  CHOC BARK NO MYLK,2023-03-21,HORIZON DISTRIBUTORS,82,B,Y,8.0,each,133,305,HM SWEET & SAVOURY SNACKS,26089,N,1.0,8.0,cs,2,Food,N,0,,,
248541,7601064,546.76,I-36214,1.0,50.16,50.16,cs,50.16,SKINNY POP Skinny Pop Original,2023-03-10,HORIZON DISTRIBUTORS,82,B,N,12.0,ea,133,242,MM Grocery Cereal,38915,N,1.0,12.0,cs,2,Food,N,0,,55.0,water & beverages
248971,9001173794,444.67,I-3663,1.0,22.88,22.88,cs,22.88,SUGAR PLANTATION RAW PTN,2023-03-13,GORDON FOOD SERVICE (GFS),17,B,Y,1000.0,CT,26,16,FOOD - GROCERY,2333405,N,1.0,1000.0,cs,2,Food,N,0,,43.0,sugars and sweeteners
247773,9001080601,405.78,I-3669,1.0,60.87,60.87,cs,60.87,SYRUP CORN GOLDEN,2023-03-02,GORDON FOOD SERVICE (GFS),83,B,N,12.0,L,26,16,FOOD - GROCERY,1164593,N,1.0,12.0,cs,2,Food,N,0,,22.0,corn (maize) 
249480,2036658,733.2,I-37330,2.0,37.0,37.0,ea,18.5,WASABI NAMA FRESH ,2023-03-06,WISMETTAC ASIAN FOODS,16,B,Y,1600.0,ea,125,4,PRODUCE,34021,N,800.0,1.0,ea,2,Food,N,0,,54.0,stimulants & spices misc.
249206,143106,731.98,I-37652,6.0,14.5968,14.5968,box,2.4328,TEA GREEN JAPANESE,2023-03-16,ETHICAL BEAN,9,B,N,96.0,box,21,2,BEVERAGE,FOURFAIRTRADEGREEN,N,16.0,1.0,BX,2,Food,N,0,,55.0,water & beverages
249206,143106,731.98,I-37653,6.0,14.595,14.595,box,2.4325,TEA HERBAL LEMON GINGER,2023-03-16,ETHICAL BEAN,9,B,N,96.0,box,21,2,BEVERAGE,FOURLEMONGINGER,N,16.0,6.0,CA,2,Food,N,0,,55.0,water & beverages
248615,142250,468.51,I-37654,6.0,14.5968,14.5968,box,2.4328,TEA HERBAL PEPPERMINT,2023-03-01,ETHICAL BEAN,51,B,N,96.0,box,21,2,BEVERAGE,FOURPEPPERMINT,N,16.0,6.0,cs,2,Food,N,0,,55.0,water & beverages
249922,9001216311,490.44,I-38275,1.0,32.06,32.06,CA,32.06,ALMOND OAT ORIGINAL U/SWT UHT,2023-03-17,GORDON FOOD SERVICE (GFS),82,B,N,12.0,ea,26,2,BEVERAGE,1330551,N,1.0,12.0,cs,2,Food,N,0,,26.0,tree nuts and seeds
248736,0000862453,802.6,I-3830,1.0,39.5,39.5,cs,39.5,MAGNUM DOUBLE CARAMEL,2023-03-08,TRANSCOLD DISTRIBUTION LTD.,88,B,N,12.0,cs,57,28,ICECREAM/NOVELTY/GELATO,67280744,N,12.0,1.0,cs,2,Food,N,0,,7.0,ice cream
248075,0000860995,505.45,I-3834,1.0,58.5,58.5,each,58.5,REESEÂ® ICE CREAM CUP,2023-03-01,TRANSCOLD DISTRIBUTION LTD.,79,B,N,1.0,cs,57,28,ICECREAM/NOVELTY/GELATO,67491118,N,24.0,1.0,cs,2,Food,N,0,,7.0,ice cream
248078,05197369,8103.25,I-3858,12.0,794.04,794.04,BX,66.17,"PORK STEW DICED 1/2""",2023-03-02,CENTENNIAL FOODSERVICE,81,B,N,60.0,Kg,11,5,MEAT,54670,N,1.0,5.0,BX,2,Food,N,0,,3.0,pork (pig meat)
248220,9001111662,7449.84,I-38584,1.0,145.3,145.3,cs,145.3,GLOVE NITRILE N/PWDR BLK MED,2023-03-06,GORDON FOOD SERVICE (GFS),9,B,N,1000.0,box,26,40,SUPPLY,1241753,N,100.0,10.0,cs,4,Misc. ,N,0,,61.0,kitchen supplies
247878,9001070952,985.45,I-3894,1.0,72.02,72.02,CA,72.02,BACON CKD 30-34CT SLCD 65% FZN,2023-03-01,GORDON FOOD SERVICE (GFS),88,B,N,300.0,bag,26,5,MEAT,1072633,N,100.0,3.0,cs,2,Food,N,0,,3.0,pork (pig meat)
248644,9001112008,1820.78,I-39282,1.0,15.82,15.82,cs,15.82,LABEL FOOD ROTATION DISSOLVE ,2023-03-06,GORDON FOOD SERVICE (GFS),95,B,N,250.0,CT,26,40,SUPPLY,1071449,N,1.0,6000.0,cs,4,Misc. ,N,0,,61.0,kitchen supplies
250939,0250937,-391.17,I-39498,-2.0,-197.34,-197.34,cs,98.67,BOWL PPR OVAL 16OZ,2023-04-03,STORE: TOTEM CC00538,81,F,N,-600.0,ea,178,24,DISPOSABLES,SAB497BB300,N,1.0,300.0,cs,4,Misc. ,N,0,,61.0,kitchen supplies
252614,266680,112.5,I-3969,15.02,112.4998,112.4998,Kg,7.49,CHICK FRYER HALAL 4 CUT ,2023-04-20,J & K POULTRY LTD.,27,B,N,15.02,Kg,33,30,POULTRY,F4CLRGH,N,1.0,1.0,Kg,2,Food,N,0,,4.0,"poultry (chicken, turkey)"
251718,265877,332.87,I-3973,6.2,99.138,99.138,Kg,15.99,CHICK BREAST BL/SL HAL TENDOUT,2023-04-03,J & K POULTRY LTD.,17,B,N,6.2,Kg,33,30,POULTRY,CBBLSLTOH,N,1.0,1.0,Kg,2,Food,N,0,,4.0,"poultry (chicken, turkey)"
251197,265822,5697.08,I-3988,160.0,1998.4,1998.4,Kg,12.49,"CHICK BREAST BL/SL 1"" HALA",2023-03-31,J & K POULTRY LTD.,81,B,N,160.0,Kg,33,30,POULTRY,CBBLSLDH,N,1.0,1.0,Kg,2,Food,N,0,,4.0,"poultry (chicken, turkey)"
248250,264548,101.51,I-3994,4.4,61.556,61.556,Kg,13.99,CHICK BREAST BL WJO HALAL,2023-03-03,J & K POULTRY LTD.,17,B,N,4.4,Kg,33,30,POULTRY,CBBLWJOH,N,1.0,1.0,Kg,2,Food,N,0,,4.0,"poultry (chicken, turkey)"
248370,264802,384.37,I-4028,10.0,84.9,84.9,Kg,8.49,CHICK WINGS WHOLE HALAL ,2023-03-09,J & K POULTRY LTD.,2,B,N,10.0,Kg,33,30,POULTRY,CWFHALAL,N,1.0,1.0,Kg,2,Food,N,0,,4.0,"poultry (chicken, turkey)"
249670,72000812,1213.66,I-40942,1.0,54.38,54.38,5KG,54.38,SEED CHIA WHITE,2023-03-21,SNOW CAP ENTERPRISES LTD.,9,B,N,5000.0,g,54,18,SPICES,SE13R,N,1.0,5000.0,5KG,2,Food,N,0,,26.0,tree nuts and seeds
250598,72004170,1143.2,I-40947,1.0,56.8,56.8,cs,56.8,LADY FINGERS 15/400GM,2023-03-28,SNOW CAP ENTERPRISES LTD.,83,B,Y,15.0,each,54,20,BAKING-RAW INGREDIENTS,LF3,N,400.0,15.0,cs,2,Food,Y,0,,24.0,"wheat/rye (bread, pasta, baked goods)"
248663,9001144510,9116.11,I-40968,1.0,50.62,50.62,cs,50.62,ONIONS FRENCH FRIED,2023-03-09,GORDON FOOD SERVICE (GFS),9,B,N,4080.0,each,26,16,FOOD - GROCERY,1175105,N,680.0,6.0,cs,2,Food,N,0,,39.0,onions and leeks
247867,1061818085,193.65,I-43543,1.0,5.75,5.75,each,5.75,CABBAGE RED ,2023-03-01,FRESH POINT,88,B,Y,1.0,each,23,4,PRODUCE,0216180,N,1.0,1.0,each,2,Food,Y,0,,36.0,cabbages and other brassicas (broccoli)
248190,442184474,4638.44,I-43934,1.0,158.66,158.66,CA,158.66,STRAW 7.75 PPR WRAPD GIANT/JUM,2023-03-01,SYSCO,21,B,N,1000.0,each,119,24,DISPOSABLES,STRAWS-7.75WW-PAPER-,N,1.0,500.0,cs,4,Misc. ,N,0,,61.0,kitchen supplies
252408,1061827829,1185.15,I-4451,1.0,10.95,10.95,cs,10.95,"ANISE DICED 1/4""",2023-04-21,FRESH POINT,17,B,N,3.0,lb,23,4,PRODUCE,800120,N,1.0,5.0,cs,2,Food,N,0,,54.0,stimulants & spices misc.
248046,0248045,-3188.89,I-44970,-1.0,-56.12,-56.12,cs,56.12,ECO CUTLERY KNIFE WOODEN,2023-03-08,STORE: SBUX BOOK CC00545,92,F,N,-1000.0,box,146,24,DISPOSABLES,1040219,N,1000.0,6.0,cs,4,Misc. ,N,0,,61.0,kitchen supplies
251521,1061825493,242.95,I-4503,2.0,183.3,183.3,cs,91.65,BAK CHOY SHANGHAI(30 LBS) US,2023-04-10,FRESH POINT,81,B,Y,60.0,lb,23,4,PRODUCE,0280100,N,1.0,30.0,cs,2,Food,N,0,,36.0,cabbages and other brassicas (broccoli)
248587,1061819635,1406.6,I-4512,1.0,67.15,67.15,cs,67.15,BEANS GREEN STANDARD,2023-03-09,FRESH POINT,51,B,Y,30.0,lb,23,4,PRODUCE,0208000,N,1.0,30.0,cs,2,Food,Y,0,,17.0,beans and pulses (dried)
247839,1061818072,2054.65,I-4522,2.0,89.3,89.3,cs,44.65,BEETS CANDY CANE US,2023-03-01,FRESH POINT,51,B,Y,50.0,lb,23,4,PRODUCE,,N,1.0,25.0,cs,2,Food,Y,0,,43.0,sugars and sweeteners
249247,1061819389,201.9,I-4536,2.0,8.6,8.6,CT,4.3,BROCCOLI US,2023-03-08,FRESH POINT,88,B,Y,2.0,CT,23,4,PRODUCE,0212100,N,1.0,1.0,CT,2,Food,Y,0,,36.0,cabbages and other brassicas (broccoli)
248241,1061818522,210.95,I-4545,1.0,60.0,60.0,cs,60.0,BROCCOLINI US,2023-03-03,FRESH POINT,17,B,Y,18.0,CT,23,4,PRODUCE,0212300,N,1.0,18.0,cs,2,Food,Y,0,,36.0,cabbages and other brassicas (broccoli)
249863,1061820707,1651.7,I-4606,1.0,77.55,77.55,cs,77.55,CELERY ROOTHL,2023-03-15,FRESH POINT,81,B,Y,25.0,lb,23,4,PRODUCE,0222170,N,1.0,25.0,cs,2,Food,N,0,,40.0,other vegetables
248075,0000860995,505.45,I-46445,1.0,32.0,32.0,cs,32.0,ICECREAM CONE VAN/CHOC GIANT ,2023-03-01,TRANSCOLD DISTRIBUTION LTD.,79,B,N,12.0,ea,57,28,ICECREAM/NOVELTY/GELATO,J3309108,N,1.0,12.0,cs,2,Food,N,0,,,
250747,1061823666,981.65,I-4662,2.0,125.0,125.0,cs,62.5,GRAPEFRUIT PINK US,2023-03-30,FRESH POINT,81,B,Y,64.0,CT,23,4,PRODUCE,0112030,N,1.0,32.0,cs,2,Food,N,0,,35.0,citrus fruit 
248361,1061818910,124.1,I-4678,1.0,23.95,23.95,ea,23.95,ONIONS GREEN TRIM (ICELESS) US,2023-03-06,FRESH POINT,2,B,Y,2.0,BUNCH,23,4,PRODUCE,,N,0.81,3.0,cs,2,Food,N,0,,39.0,onions and leeks
252706,1061818143,-32.75,I-4697,-1.0,-32.75,-32.75,bag,32.75,JICAMA ,2023-03-01,FRESH POINT,16,C,N,-5.0,lb,23,4,PRODUCE,881045,N,1.0,5.0,bag,2,Food,N,0,,38.0,root vegetables
249747,1061821802,90.7,I-4700,1.0,6.95,6.95,cs,6.95,KALE GREEN US,2023-03-21,FRESH POINT,88,B,Y,3.0,ea,23,4,PRODUCE,0238055,N,1.0,24.0,cs,2,Food,Y,0,,36.0,cabbages and other brassicas (broccoli)
252436,9001377008,1275.94,I-47310,1.0,20.03,20.03,cs,20.03,WATER VITAMIN ZERO SQUEEZED,2023-04-04,GORDON FOOD SERVICE (GFS),27,B,N,8.0,ea,26,2,BEVERAGE,1298740,N,1.0,12.0,cs,2,Food,N,0,,55.0,water & beverages
248072,3192768230,740.23,I-47395,1.0,17.46,17.46,CA,17.46,ICE TEA RASPB,2023-03-02,COCA-COLA BOTTLING CO.,79,B,N,12.0,ea,14,2,BEVERAGE,1319325,N,1.0,12.0,cs,2,Food,N,0,,55.0,water & beverages
247686,1061818278,70.85,I-4744,2.0,34.4,34.4,pak,17.2,"ONION DICED 3/8 (REG)US""",2023-03-02,FRESH POINT,5,B,Y,10.0,lb,23,4,PRODUCE,0848200,N,1.0,5.0,pak,2,Food,N,0,,39.0,onions and leeks
249838,1061821490,431.55,I-4784,1.0,63.85,63.85,cs,63.85,PEARS BOSC US,2023-03-20,FRESH POINT,81,B,Y,70.0,CT,23,4,PRODUCE,0134132,N,1.0,70.0,cs,2,Food,Y,0,,31.0,other fruits
248461,1061819636,177.75,I-4805,1.0,39.1,39.1,cs,39.1,PINEAPPLE GOLDEN SHELLUS ,2023-03-09,FRESH POINT,83,B,Y,8.0,CT,23,4,PRODUCE,0136080,N,1.0,8.0,cs,2,Food,Y,0,,31.0,other fruits
248549,1994966,338.7,I-48834,2.0,37.9,37.9,CA,18.95,CLIF PB BAN DK CHOC,2023-03-08,UNFI CANADA,82,B,N,24.0,ea,58,317,MM Snack Single Bars,CLI208,N,1.0,12.0,CA,2,Food,N,0,,,
251380,1061824756,922.9,I-4904,3.0,184.05,184.05,cs,61.35,STRAWBERRIES (CLAMSHELL) US,2023-04-05,FRESH POINT,51,B,Y,24.0,lb,23,4,PRODUCE,0150070,N,1.0,8.0,cs,2,Food,N,0,,34.0,berries
253910,1061822399,-51.45,I-4908,-1.0,-51.45,-51.45,cs,51.45,PEAS SUGAR/SNOW  CI,2023-03-23,FRESH POINT,51,B,N,-10.0,lb,23,4,PRODUCE,,N,1.0,10.0,cs,2,Food,N,0,,43.0,sugars and sweeteners
248855,9001123356,11011.81,I-49125,1.0,32.21,32.21,cs,32.21,SAUCE PLUM DIP G/FREE,2023-03-07,GORDON FOOD SERVICE (GFS),81,B,N,7.4,JUG,26,16,FOOD - GROCERY,2340405,N,3.7,2.0,cs,2,Food,N,0,,58.0,sauces & paste
249278,1061820702,2206.8,I-4943,8.0,61.6,61.6,bag,7.7,TURNIP YELLOW BC,2023-03-15,FRESH POINT,51,B,N,40.0,lb,23,4,PRODUCE,,N,1.0,1.0,lb,2,Food,N,0,,38.0,root vegetables
247874,9001070944,8370.49,I-4969,3.0,195.06,195.06,cs,65.02,APPLE FUJI SLCD SOLID,2023-03-01,GORDON FOOD SERVICE (GFS),51,B,Y,51.12,LG CAN,26,4,PRODUCE,1185012,N,2.84,6.0,cs,2,Food,N,0,,32.0,apples
249668,1849244,3045.17,I-49855,101.52,1614.17,1614.17,lb,15.9,HALIBUT WHOLE (HEAD/GUTTED) OW,2023-03-21,INTERCITY PACKERS LTD (Albion),9,B,Y,101.52,lb,2,14,SEAFOOD,,N,1.0,1.0,lb,2,Food,Y,0,,12.0,fish (finfish)
249652,365264,295.5,I-49928,10.0,288.0,288.0,ea,28.8,COOKIES-Easter Egg,2023-03-29,Trump food,51,B,Y,10.0,ea,253,16,FOOD - GROCERY,061,N,1.0,1.0,ea,2,Food,N,0,,11.0,eggs
248545,71993209,625.2,I-50099,2.0,158.3,158.3,cs,79.15,MACARONS FRENCH ASSORTED,2023-03-08,SNOW CAP ENTERPRISES LTD.,82,B,Y,240.0,cs,54,19,BAKED GOODS,KFMIX1,N,120.0,1.0,cs,2,Food,N,0,,24.0,"wheat/rye (bread, pasta, baked goods)"
248844,9001112005,5870.81,I-5024,2.0,105.64,105.64,cs,52.82,STRAWBERRIES WHOLE IQF,2023-03-06,GORDON FOOD SERVICE (GFS),81,B,Y,10.0,bag,26,4,PRODUCE,1093203,N,2.5,2.0,cs,2,Food,N,0,,34.0,berries
249532,1850425,501.6,I-5074,2.0,97.98,97.98,lb,48.99,CRAB MEAT D/NESS O/WISE,2023-03-22,INTERCITY PACKERS LTD (Albion),17,B,N,2.0,lb,2,14,SEAFOOD,14401125,N,1.0,1.0,lb,2,Food,N,0,,1.0,beef & buffalo meat
254903,1857041,1683.38,I-5106,112.3,1683.377,1683.377,lb,14.99,SAL ATL KUTERRA S/ON PBO OW,2023-04-10,INTERCITY PACKERS LTD (Albion),89,B,Y,112.3,lb,2,14,SEAFOOD,,N,1.0,1.0,lb,2,Food,N,0,,12.0,fish (finfish)
249399,1848300,373.15,I-5116,10.19,152.7481,152.7481,lb,14.99,SAL SOX FLT S/ON PBO FRZ OW,2023-03-16,INTERCITY PACKERS LTD (Albion),17,B,N,10.19,lb,2,14,SEAFOOD,11108103,N,1.0,1.0,lb,2,Food,N,0,,12.0,fish (finfish)
249918,453131,588.74,I-51335,1.0,89.53,89.53,cs,89.53,ARNOTTS Tim Tams,2023-03-22,BUY-LOW FOODS Associated Grocers,82,B,N,24.0,ea,7,16,FOOD - GROCERY,5307228,N,1.0,24.0,cs,2,Food,N,0,,52.0,cocoa
249532,1850425,501.6,I-5137,10.97,153.4703,153.4703,lb,13.99,SAL STEELHEAD FLT S/O OW,2023-03-22,INTERCITY PACKERS LTD (Albion),17,B,Y,10.97,lb,2,14,SEAFOOD,13200112,N,1.0,1.0,lb,2,Food,N,0,,12.0,fish (finfish)
249668,1849244,3045.17,I-5145,135.0,1431.0,1431.0,lb,10.6,TUNA T/SMK LOIN 3/5 S/OFF OW,2023-03-21,INTERCITY PACKERS LTD (Albion),9,B,N,135.0,lb,2,14,SEAFOOD,20001218,N,1.0,1.0,lb,2,Food,N,0,,12.0,fish (finfish)
251813,9001447441,836.2,I-51500,1.0,162.11,162.11,cs,162.11,CLEANER TABLET CARE RINSE,2023-04-12,GORDON FOOD SERVICE (GFS),88,B,Y,150.0,un,26,22,CLEANING,1115080,N,1.0,150.0,cs,4,Misc. ,Y,0,,61.0,kitchen supplies
249544,451221,603.14,I-51615,1.0,26.65,26.65,cs,26.65,ANNA'S Ginger Thins ,2023-03-13,BUY-LOW FOODS Associated Grocers,82,B,N,12.0,ea,7,16,FOOD - GROCERY,5325345,N,1.0,12.0,cs,2,Food,N,0,,38.0,root vegetables
248952,9001173022,706.27,I-51824,1.0,32.3,32.3,cs,32.3,ONION RINGS*APP BTD THICK CUT ,2023-03-13,GORDON FOOD SERVICE (GFS),2,B,N,8.818,cs,26,16,FOOD - GROCERY,1143191,N,8.818,1.0,cs,2,Food,N,0,,39.0,onions and leeks
248633,9001173791,2082.5,I-51854,3.0,283.83,283.83,cs,94.61,DETERGENT LAUNDRY HOMESTYLE ,2023-03-13,GORDON FOOD SERVICE (GFS),51,B,N,360.0,ea,26,40,SUPPLY,1379080,N,1.0,120.0,cs,4,Misc. ,N,0,,61.0,kitchen supplies
248549,1994966,338.7,I-52072,1.0,49.28,49.28,cs,49.28,PRETZEL CRISPS GARLIC PARMESAN,2023-03-08,UNFI CANADA,82,B,Y,12.0,ea,58,16,FOOD - GROCERY,TSF632,N,1.0,12.0,cs,2,Food,N,0,,38.0,root vegetables
248549,1994966,338.7,I-52073,1.0,49.28,49.28,cs,49.28,PRETZEL CRISPS EVERYTHING ,2023-03-08,UNFI CANADA,82,B,N,12.0,ea,58,16,FOOD - GROCERY,TSF633,N,1.0,12.0,cs,2,Food,N,0,,24.0,"wheat/rye (bread, pasta, baked goods)"
248366,9001132210,792.43,I-5338,1.0,45.34,45.34,cs,45.34,"BAG GARBAGE XSTRONG CLR 42X48""",2023-03-08,GORDON FOOD SERVICE (GFS),2,B,N,200.0,CT,26,40,SUPPLY,1164331,N,1.0,200.0,cs,4,Misc. ,N,0,,61.0,kitchen supplies
249170,5056717226,13159.59,I-5339,1.0,38.84,38.84,cs,38.84,BAG GARBAGE STRONG BLK 26X36IN,2023-03-09,TDL GROUP OF COMPANIES,32,B,N,200.0,CT,99,40,SUPPLY,1163813,N,1.0,200.0,cs,4,Misc. ,N,0,,61.0,kitchen supplies
248969,9001155862,233.02,I-5341,1.0,42.05,42.05,cs,42.05,BAG GARBAGE STRONG BLK 35X50IN,2023-03-10,GORDON FOOD SERVICE (GFS),17,B,Y,100.0,CT,26,40,SUPPLY,1163707,N,1.0,100.0,cs,4,Misc. ,N,0,,61.0,kitchen supplies
248642,9001081632,1467.15,I-5343,1.0,45.78,45.78,cs,45.78,BAG GARBAGE STRONG CLR 35X50IN,2023-03-02,GORDON FOOD SERVICE (GFS),95,B,Y,100.0,CT,26,40,SUPPLY,1164328,N,1.0,100.0,cs,4,Misc. ,N,0,,61.0,kitchen supplies
248362,9001094414,7971.34,I-5347,1.0,30.04,30.04,CA,30.04,BAG PPR 8LB KRAFT 6X4X12.5IN,2023-03-03,GORDON FOOD SERVICE (GFS),81,B,Y,500.0,CT,26,24,DISPOSABLES,6576005,N,1.0,500.0,CA,4,Misc. ,N,0,,61.0,kitchen supplies
248054,0248053,-324.02,I-5351,-1.0,-69.66,-69.66,CA,69.66,BAG PPR WAX SAND 6X2X9IN KRAFT,2023-03-08,STORE: Arts UBC,41,F,N,-1000.0,CT,214,24,DISPOSABLES,1066424,N,1.0,1000.0,CA,4,Misc. ,N,0,,61.0,kitchen supplies
249028,71995351,1364.86,I-53518,3.0,86.67,86.67,SHEET,28.89,BROWNIE TIGER,2023-03-13,SNOW CAP ENTERPRISES LTD.,51,B,N,3.0,SHEET,54,19,BAKED GOODS,OC33,N,1.0,1.0,cs,2,Food,N,0,,24.0,"wheat/rye (bread, pasta, baked goods)"
252136,9001489966,1631.12,I-5355,4.0,152.04,152.04,cs,38.01,BOX PIZZA CORR WHT/KRAFT 18X18,2023-04-17,GORDON FOOD SERVICE (GFS),5,B,Y,200.0,CT,26,24,DISPOSABLES,1079441,N,1.0,25.0,cs,4,Misc. ,Y,0,,61.0,kitchen supplies
248247,9001132138,511.57,I-5365,1.0,105.12,105.12,cs,105.12,CLEANER GRILL GREASESTRIP PLUS,2023-03-08,GORDON FOOD SERVICE (GFS),17,B,Y,6.0,JUG,26,22,CLEANING,1127660,N,1.0,6.0,cs,4,Misc. ,N,0,,61.0,kitchen supplies
249064,643636,577.85,I-5371,1.0,103.34,103.34,cs,103.34,CONT ECO HOT FOOD 8Z PLA LINED,2023-03-08,ENTERPRISE PAPER,27,B,N,1000.0,CT,295,24,DISPOSABLES,GCE80251,N,1.0,1000.0,cs,4,Misc. ,N,0,,61.0,kitchen supplies
248066,9001094419,1210.05,I-5376,1.0,106.04,106.04,cs,106.04,CUP PLAS CL 9Z PET,2023-03-03,GORDON FOOD SERVICE (GFS),5,B,N,1000.0,CT,26,24,DISPOSABLES,1192847,N,1.0,1000.0,cs,4,Misc. ,N,0,,61.0,kitchen supplies
248463,9001144513,1348.51,I-5377,1.0,134.81,134.81,cs,134.81,CUP PLAS CLR 12Z PET,2023-03-09,GORDON FOOD SERVICE (GFS),83,B,N,1000.0,SLEEVE,26,24,DISPOSABLES,1192848,N,50.0,20.0,cs,4,Misc. ,N,0,,61.0,kitchen supplies
250236,0250235,-220.55,I-5384,-1.0,-85.16,-85.16,cs,85.16,CUP PPR HOT WHT 12Z,2023-03-28,STORE: Arts UBC,41,F,N,-1000.0,SLEEVE,214,24,DISPOSABLES,1273430,N,50.0,20.0,cs,4,Misc. ,N,0,,61.0,kitchen supplies
249945,3194630243,625.42,I-53846,1.0,31.67,31.67,cs,31.67,CORE POWER STRAW BAN 414ML,2023-03-23,COCA-COLA BOTTLING CO.,78,B,N,12.0,414ML,14,2,BEVERAGE,1371697,N,1.0,12.0,cs,2,Food,N,0,,55.0,water & beverages
249249,9001132154,1247.6,I-53847,1.0,31.38,31.38,cs,31.38,CORE POWER CHOCO 414ML,2023-03-08,GORDON FOOD SERVICE (GFS),88,B,N,12.0,414ML,26,2,BEVERAGE,1422785,N,1.0,12.0,cs,2,Food,N,0,,52.0,cocoa
248072,3192768230,740.23,I-54008,1.0,15.02,15.02,CA,15.02,POWERADE FRUIT PUNCH 710ML,2023-03-02,COCA-COLA BOTTLING CO.,79,B,N,12.0,bottle,14,2,BEVERAGE,1293864,N,1.0,12.0,cs,2,Food,N,0,,55.0,water & beverages
248997,9001185341,7931.74,I-5405,1.0,131.77,131.77,cs,131.77,DETERGENT M/PURP PWD TIDE INST,2023-03-14,GORDON FOOD SERVICE (GFS),9,B,Y,1.0,pail,26,22,CLEANING,2196658,N,1.0,1.0,cs,4,Misc. ,N,0,,61.0,kitchen supplies
247728,0247727,-133.47,I-5406,-3.0,-133.47,-133.47,pail,44.49,DETERGENT SOLID APEX POWER MAC,2023-03-06,STORE: Orchard Commons Dining Room,51,F,N,-3.0,pail,231,22,CLEANING,1341696,N,1.0,4.0,CA,4,Misc. ,N,0,,61.0,kitchen supplies
250243,0250242,-43.46,I-5415,-1.0,-43.46,-43.46,cs,43.46,ECO CUTLERY SPOON WOODEN,2023-03-28,STORE: Arts UBC,41,F,N,-1000.0,box,214,24,DISPOSABLES,1362858,N,50.0,20.0,cs,4,Misc. ,N,0,,61.0,kitchen supplies
250939,0250937,-391.17,I-5417,-3.0,-193.83,-193.83,cs,64.61,ECO PLATE PPR WHT 9IN BAGASSE,2023-04-03,STORE: TOTEM CC00538,81,F,N,-1500.0,SLEEVE,178,24,DISPOSABLES,1182086,N,125.0,4.0,cs,4,Misc. ,N,0,,61.0,kitchen supplies
247972,9001070965,4973.26,I-5433,1.0,31.54,31.54,cs,31.54,GLOVE VINYL N/PWD LRG,2023-03-01,GORDON FOOD SERVICE (GFS),9,B,N,400.0,100UN,26,40,SUPPLY,1223059,N,100.0,4.0,cs,4,Misc. ,N,0,,61.0,kitchen supplies
247879,9001094410,408.22,I-5434,1.0,31.54,31.54,cs,31.54,GLOVE VINYL N/PWD MED,2023-03-03,GORDON FOOD SERVICE (GFS),88,B,N,400.0,100UN,26,40,SUPPLY,1223057,N,100.0,4.0,cs,4,Misc. ,N,0,,61.0,kitchen supplies
248065,9001111664,882.62,I-5436,1.0,31.54,31.54,cs,31.54,GLOVE VINYL N/PWD XLRG,2023-03-06,GORDON FOOD SERVICE (GFS),5,B,N,400.0,100UN,26,40,SUPPLY,1223060,N,100.0,4.0,cs,4,Misc. ,N,0,,61.0,kitchen supplies
247877,9001094408,7899.82,I-5437,2.0,83.08,83.08,cs,41.54,GLOVE VINYL POWDER FREE L,2023-03-03,GORDON FOOD SERVICE (GFS),51,B,N,800.0,100UN,26,40,SUPPLY,1165163,N,100.0,4.0,cs,4,Misc. ,N,0,,61.0,kitchen supplies
247877,9001094408,7899.82,I-5438,2.0,83.08,83.08,cs,41.54,GLOVE VINYL POWDER FREE MED,2023-03-03,GORDON FOOD SERVICE (GFS),51,B,N,800.0,100UN,26,40,SUPPLY,1165172,N,100.0,4.0,cs,4,Misc. ,N,0,,61.0,kitchen supplies
251525,9001385815,3827.63,I-5441,1.0,107.02,107.02,cs,107.02,GRIDDLE SCREEN 200CC 4X5.5IN,2023-04-05,GORDON FOOD SERVICE (GFS),81,B,Y,200.0,20UN,26,40,SUPPLY,3858605,N,20.0,10.0,cs,4,Misc. ,Y,0,,61.0,kitchen supplies
249846,9001238094,6740.16,I-5442,1.0,287.99,287.99,cs,287.99,HAIRNET LT WGT INVISIBLE BRN ,2023-03-20,GORDON FOOD SERVICE (GFS),81,B,N,1440.0,box,26,40,SUPPLY,1164430,N,144.0,10.0,cs,4,Misc. ,N,0,,61.0,kitchen supplies
249661,9001238078,8418.19,I-5451,1.0,83.25,83.25,cs,83.25,LID DOME CLR F/ CUP PET 9-20Z,2023-03-20,GORDON FOOD SERVICE (GFS),9,B,N,1000.0,CT,26,24,DISPOSABLES,1192862,N,1.0,1000.0,cs,4,Misc. ,N,0,,61.0,kitchen supplies
248052,0248051,-995.9,I-5454,-1.0,-33.04,-33.04,cs,33.04,LID DOME WHT F/CUP 10Z SQT-24Z,2023-03-08,STORE: LAW CC00556,41,F,N,-1000.0,CT,285,24,DISPOSABLES,2093605,N,1.0,1000.0,cs,4,Misc. ,N,0,,61.0,kitchen supplies
249237,643609,498.44,I-5457,1.0,49.2,49.2,cs,49.2,LID FOR 12-32Z NATURE BOWL,2023-03-06,ENTERPRISE PAPER,88,B,N,500.0,CT,295,24,DISPOSABLES,GCE80252L,N,1.0,500.0,cs,4,Misc. ,N,0,,61.0,kitchen supplies
250208,9001271330,3251.5,I-5465,2.0,195.2,195.2,cs,97.6,LINER BASKET BLK/WHT CHECK 12X,2023-03-23,GORDON FOOD SERVICE (GFS),51,B,Y,4000.0,CT,26,24,DISPOSABLES,135245,N,1.0,2000.0,cs,4,Misc. ,N,0,,61.0,kitchen supplies
247878,9001070952,985.45,I-5468,1.0,77.06,77.06,cs,77.06,LINER BASKET RED CHECK 12X12,2023-03-01,GORDON FOOD SERVICE (GFS),88,B,Y,2000.0,CT,26,24,DISPOSABLES,1183530,N,1.0,2000.0,cs,4,Misc. ,N,0,,61.0,kitchen supplies
250022,9001206712,8283.19,I-5471,1.0,94.99,94.99,cs,94.99,MOP HEAD WET LRG BLUE NAR BAND,2023-03-16,GORDON FOOD SERVICE (GFS),81,B,Y,10.0,ea,26,40,SUPPLY,1160972,N,1.0,10.0,cs,4,Misc. ,Y,0,,61.0,kitchen supplies
248362,9001094414,7971.34,I-5475,1.0,50.44,50.44,cs,50.44,NAPKIN DISP 1PLY XPRESNAP KRFT,2023-03-03,GORDON FOOD SERVICE (GFS),81,B,N,6000.0,500UN,26,24,DISPOSABLES,1164661,N,500.0,12.0,cs,4,Misc. ,N,0,,61.0,kitchen supplies
250117,0250116,-98.6,I-5488,-2.0,-98.6,-98.6,pail,49.3,PRESOAK SOLID ADDITIVE APEX,2023-03-27,STORE: TOTEM CC00538,9,F,N,-2.0,pail,178,22,CLEANING,1127144,N,1.0,3.0,cs,4,Misc. ,N,0,,61.0,kitchen supplies
249666,9001250247,4410.41,I-5490,1.0,71.46,71.46,cs,71.46,REFILL FILM WRAP CLR 17INX2000,2023-03-21,GORDON FOOD SERVICE (GFS),9,B,Y,4000.0,CT,26,40,SUPPLY,1217800,N,2000.0,2.0,cs,4,Misc. ,N,0,,61.0,kitchen supplies
247874,9001070944,8370.49,I-5492,1.0,179.77,179.77,cs,179.77,RINSE DISH ADDITIVE APEX MACH,2023-03-01,GORDON FOOD SERVICE (GFS),51,B,N,3.0,pail,26,22,CLEANING,1339364,N,1.0,2.0,cs,4,Misc. ,N,0,,61.0,kitchen supplies
247874,9001070944,8370.49,I-5498,1.0,213.21,213.21,cs,213.21,SANITIZER LIQ QUAT DISP 146 MU,2023-03-01,GORDON FOOD SERVICE (GFS),51,B,N,1.0,pail,26,22,CLEANING,6417805,N,1.0,1.0,cs,4,Misc. ,N,0,,61.0,kitchen supplies
247972,9001070965,4973.26,I-5500,1.0,132.59,132.59,cs,132.59,SHEET SILICONE REUSABLE,2023-03-01,GORDON FOOD SERVICE (GFS),9,B,N,1000.0,ea,26,40,SUPPLY,8624005,N,1.0,1000.0,cs,4,Misc. ,N,0,,61.0,kitchen supplies
250176,9001260319,1119.5,I-5501,1.0,38.2,38.2,cs,38.2,SKEWER BAMBOO KNOTTED END 4IN,2023-03-22,GORDON FOOD SERVICE (GFS),2,B,N,10000.0,box,26,24,DISPOSABLES,1358750,N,1000.0,10.0,cs,4,Misc. ,N,0,,61.0,kitchen supplies
247878,9001070952,985.45,I-5502,1.0,64.97,64.97,cs,64.97,SLEEVE JAVA JACKET KRAFT PPR,2023-03-01,GORDON FOOD SERVICE (GFS),88,B,N,1300.0,CT,26,24,DISPOSABLES,8662605,N,1.0,1300.0,cs,4,Misc. ,N,0,,61.0,kitchen supplies
248841,9001143344,6097.09,I-5504,1.0,159.62,159.62,cs,159.62,SOAP DISH PAN DANDY MANU,2023-03-09,GORDON FOOD SERVICE (GFS),81,B,N,1.0,pail,26,22,CLEANING,1180841,N,1.0,1.0,cs,4,Misc. ,N,0,,61.0,kitchen supplies
247973,9001094224,8190.64,I-5512,1.0,42.97,42.97,cs,42.97,TISSUE TOILET 2PLY 1000 JBROLL,2023-03-03,GORDON FOOD SERVICE (GFS),9,B,N,12.0,CT,26,40,SUPPLY,1019932,N,1.0,12.0,cs,4,Misc. ,N,0,,61.0,kitchen supplies
248686,9001094263,4305.55,I-5516,1.0,63.71,63.71,cs,63.71,TOWEL ROLL STAN NAT 700FT,2023-03-03,GORDON FOOD SERVICE (GFS),16,B,N,6.0,CT,26,40,SUPPLY,1197237,N,1.0,6.0,cs,4,Misc. ,N,0,,61.0,kitchen supplies
247891,9001111653,1171.74,I-5526,1.0,58.97,58.97,cs,58.97,WIPER FS BLUE 13X21IN,2023-03-06,GORDON FOOD SERVICE (GFS),88,B,N,100.0,CT,26,40,SUPPLY,1356252,N,1.0,100.0,cs,4,Misc. ,N,0,,61.0,kitchen supplies
250209,9001283691,5697.59,I-5527,1.0,93.52,93.52,cs,93.52,WIPER FS H/D WHT 13X21IN,2023-03-24,GORDON FOOD SERVICE (GFS),51,B,N,100.0,cs,26,40,SUPPLY,1356253,N,100.0,1.0,cs,4,Misc. ,N,0,,61.0,kitchen supplies
249249,9001132154,1247.6,I-5528,1.0,50.69,50.69,cs,50.69,WRAP FILM ROLL 17X2500 CT BOX,2023-03-08,GORDON FOOD SERVICE (GFS),88,B,Y,2500.0,CT,26,40,SUPPLY,1217806,N,2500.0,1.0,cs,4,Misc. ,N,0,,61.0,kitchen supplies
250274,1868,1291.5,I-55667,1.0,93.5,93.5,cs,93.5,SOUP GOODLY POTATO,2023-03-21,GOODLY FOODS SOCIETY,51,B,N,20.0,bag,326,16,FOOD - GROCERY,,N,4.0,5.0,cs,2,Food,N,0,,41.0,potatoes
249240,3193418320,1922.19,I-56023,1.0,5.83,5.83,cs,5.83,AHA WATER SPARKLING PEACH HNY ,2023-03-09,COCA-COLA BOTTLING CO.,88,B,N,12.0,each,14,2,BEVERAGE,1381608,N,1.0,12.0,cs,2,Food,N,0,,55.0,water & beverages
249880,9001206715,857.57,I-56386,1.0,39.2,39.2,cs,39.2,SPREAD GARLIC NH ZTF,2023-03-16,GORDON FOOD SERVICE (GFS),27,B,N,8.0,Kg,26,16,FOOD - GROCERY,1321195,N,1.0,8.0,cs,2,Food,N,0,,38.0,root vegetables
249798,9001250222,7684.21,I-56580,1.0,111.33,111.33,cs,111.33,CAKE SHEET STRAWB SHORTCAKE ,2023-03-21,GORDON FOOD SERVICE (GFS),51,B,N,2.0,SHEET,26,19,BAKED GOODS,1054362,N,1.0,2.0,cs,2,Food,N,0,,24.0,"wheat/rye (bread, pasta, baked goods)"
248596,9001132204,522.6,I-57553,1.0,93.52,93.52,cs,93.52,WIPER FS H/D WHT 13X21 INC,2023-03-08,GORDON FOOD SERVICE (GFS),41,B,Y,72.0,cs,26,40,SUPPLY,1356253,N,72.0,1.0,cs,4,Misc. ,N,0,,61.0,kitchen supplies
249254,9001195683,1134.28,I-59443,1.0,118.67,118.67,cs,118.67,CLEANER TABLET OVEN COMBI ,2023-03-15,GORDON FOOD SERVICE (GFS),88,B,Y,100.0,un,26,22,CLEANING,9034496,N,1.0,100.0,cs,4,Misc. ,N,0,,61.0,kitchen supplies
249806,9001271334,1460.28,I-6027,1.0,15.13,15.13,cs,15.13,SUGAR ICING 4-1KG,2023-03-23,GORDON FOOD SERVICE (GFS),83,B,N,4.0,Kg,26,16,FOOD - GROCERY,1075914,N,1.0,4.0,cs,2,Food,N,0,,43.0,sugars and sweeteners
248964,INV1215107,236.08,I-6037,4.0,50.84,50.84,bottle,12.71,SYRUP MONIN HAZELNUT,2023-03-13,BRUCE AND CLARK FOOD SERVICE,5,B,Y,3.0,750ML,6,2,BEVERAGE,MONSY-HAZELNUT,N,0.75,1.0,bottle,2,Food,Y,0,,43.0,sugars and sweeteners
251781,650205,546.97,I-60374,2.0,244.69,244.69,cs,122.345,BOX T/O #8 KRAFT 6.87X5.5X2.5,2023-04-06,ENTERPRISE PAPER,2,B,N,600.0,CT,295,24,DISPOSABLES,1402732,N,1.0,300.0,cs,4,Misc. ,N,0,,61.0,kitchen supplies
250027,26254,355.17,I-60505,1.0,30.9,30.9,CA,30.9,BAR PEANUT BUTTER GF/VEGAN,2023-03-22,WENDEL'S TRUE FOODS,81,B,Y,12.0,CT,60,19,BAKED GOODS,2404RTC,N,1.0,12.0,CA,2,Food,Y,0,,5.0,butter
249926,7604374,717.02,I-60681,1.0,30.4,30.4,cs,30.4,PRANA Cho Bark Algrave,2023-03-21,HORIZON DISTRIBUTORS,82,B,Y,8.0,ea,133,16,FOOD - GROCERY,26086,N,1.0,8.0,cs,2,Food,N,0,,52.0,cocoa
251746,1061824276,84.6,I-60687,1.0,7.8,7.8,bag,7.8,LETTUCE SALAD TUSCAN MIXED,2023-04-03,FRESH POINT,2,B,Y,1.0,bag,23,4,PRODUCE,0894101,N,1.0,1.0,bag,2,Food,N,0,,40.0,other vegetables
248072,3192768230,740.23,I-61326,1.0,20.3,20.3,cs,20.3,ICED TEA PEACE STRAW LEMN LOVE,2023-03-02,COCA-COLA BOTTLING CO.,79,B,N,12.0,bottle,14,2,BEVERAGE,1411409,N,1.0,12.0,cs,2,Food,N,0,,55.0,water & beverages
250832,365351,352.5,I-61332,2.0,61.2,61.2,cs,30.6,"TART LEMON CURD 4""",2023-03-28,Trump food,82,B,Y,24.0,ea,253,19,BAKED GOODS,067,N,1.0,12.0,cs,2,Food,N,0,,24.0,"wheat/rye (bread, pasta, baked goods)"
249142,1994462,844.46,I-61337,8.0,487.28,487.28,cs,60.91,CEREAL CORNPUFFS GORILLA MUNCH,2023-03-07,UNFI CANADA,81,B,N,31200.0,bag,58,16,FOOD - GROCERY,NAP153,N,650.0,6.0,cs,2,Food,N,0,,21.0,other grains/cereals
249904,IN107888,390.42,I-61419,1.0,39.31,39.31,CA,39.31,CONT CLR HINGED 16OZ,2023-03-20,MOSHE PAPER ,27,B,N,200.0,ea,288,24,DISPOSABLES,BO7-OME-HC16,N,1.0,200.0,CA,4,Misc. ,N,0,,61.0,kitchen supplies
250274,1868,1291.5,I-61482,2.0,187.0,187.0,cs,93.5,SOUP GOODLY CARROT,2023-03-21,GOODLY FOODS SOCIETY,51,B,N,40.0,bag,326,16,FOOD - GROCERY,5700,N,4.0,5.0,cs,2,Food,N,0,,38.0,root vegetables
250274,1868,1291.5,I-62665,2.0,225.0,225.0,cs,112.5,SOUP GOODLY CHICKEN ORZO,2023-03-21,GOODLY FOODS SOCIETY,51,B,N,40.0,bag,326,16,FOOD - GROCERY,6700,N,4.0,5.0,cs,2,Food,N,0,,4.0,"poultry (chicken, turkey)"
250274,1868,1291.5,I-62666,2.0,225.0,225.0,cs,112.5,SOUP GOODLY BEEF MUSHROOM BARL,2023-03-21,GOODLY FOODS SOCIETY,51,B,N,40.0,bag,326,16,FOOD - GROCERY,7700,N,4.0,5.0,cs,2,Food,N,0,,1.0,beef & buffalo meat
248184,548365,242.1,I-62812,8.0,13.52,13.52,ea,1.69,SCONE CHEESE,2023-03-07,Sevco Enterprises Ltd.,81,B,Y,8.0,ea,530,19,BAKED GOODS,PFS015,N,1.0,1.0,ea,2,Food,Y,0,,6.0,cheese
248885,0248884,-1163.52,I-62848,-1.0,-11.88,-11.88,ea,11.88,CK|BS|Scone|Seasonal|6ea.,2023-03-16,STORE: LAW CC00556,41,F,N,-1.0,ea,285,302,PRODUCTION FOOD,62776,N,1.0,1.0,ea,2,Food,N,0,,24.0,"wheat/rye (bread, pasta, baked goods)"
248052,0248051,-995.9,I-62849,-0.33,-4.07,-4.07,ea,12.32,CK|BS|Muffin|Seasonal|6ea.,2023-03-08,STORE: LAW CC00556,41,F,N,-0.33,ea,285,302,PRODUCTION FOOD,62774,N,1.0,1.0,ea,2,Food,N,0,,24.0,"wheat/rye (bread, pasta, baked goods)"
250885,00022983,187.84,I-62850,1.0,12.32,12.32,ea,12.32,CK|BS|Muffin|Morn Glory| 6ea.,2023-03-07,1 - Production,27,B,N,1.0,ea,191,302,PRODUCTION FOOD,62773,N,1.0,1.0,ea,2,Food,N,0,,24.0,"wheat/rye (bread, pasta, baked goods)"
254105,00023429,223.4,I-62851,1.0,12.32,12.32,ea,12.32,CK|BS|Muffin|VeganChoCran|6ea.,2023-04-21,1 - Production,9,B,N,1.0,ea,191,302,PRODUCTION FOOD,62771,N,1.0,1.0,ea,2,Food,N,0,,24.0,"wheat/rye (bread, pasta, baked goods)"
250888,00022947,250.56,I-62853,1.0,12.32,12.32,ea,12.32,CK|BS|Muffin|FruitMedley| 6ea.,2023-03-02,1 - Production,27,B,N,1.0,ea,191,302,PRODUCTION FOOD,62769,N,1.0,1.0,ea,2,Food,N,0,,24.0,"wheat/rye (bread, pasta, baked goods)"
250888,00022947,250.56,I-62855,1.0,12.32,12.32,ea,12.32,CK|BS|Muffin|SeededCarrot|6ea.,2023-03-02,1 - Production,27,B,N,1.0,ea,191,302,PRODUCTION FOOD,62768,N,1.0,1.0,ea,2,Food,N,0,,24.0,"wheat/rye (bread, pasta, baked goods)"
248819,00022937,440.21,I-62856,1.0,12.0,12.0,ea,12.0,CK|BS|BAR|Granola|6ea.,2023-03-01,1 - Production,88,B,N,1.0,ea,191,302,PRODUCTION FOOD,62766,N,1.0,1.0,ea,2,Food,N,0,,24.0,"wheat/rye (bread, pasta, baked goods)"
250862,00022959,95.58,I-62858,1.0,14.22,14.22,ea,14.22,CK|CAKE|Ponderosa 6ea.,2023-03-03,1 - Production,39,B,N,1.0,ea,191,302,PRODUCTION FOOD,62764,N,1.0,1.0,ea,2,Food,N,0,,24.0,"wheat/rye (bread, pasta, baked goods)"
250887,00022961,83.07,I-62860,1.0,16.02,16.02,ea,16.02,CK|BUN|Cinnamon|lg 6ea|Unbake.,2023-03-03,1 - Production,27,B,N,1.0,ea,191,302,PRODUCTION FOOD,62762,N,1.0,1.0,ea,2,Food,N,0,,24.0,"wheat/rye (bread, pasta, baked goods)"
250917,00022932,313.28,I-62862,1.0,22.98,22.98,ea,22.98,CK|PREP|Granola 2kg.,2023-03-01,1 - Production,9,B,N,2.0,Kg,191,302,PRODUCTION FOOD,62707,N,1.0,2.0,ea,2,Food,N,0,,,
250862,00022959,95.58,I-62866,1.0,3.07,3.07,ea,3.07,CK|G&G|Pot|Crudite w/Ranch.,2023-03-03,1 - Production,39,B,N,1.0,ea,191,302,PRODUCTION FOOD,62730,N,1.0,1.0,ea,2,Food,N,0,,,
250862,00022959,95.58,I-62867,1.0,2.87,2.87,ea,2.87,CK|G&G|Pot|Over Night Oat.,2023-03-03,1 - Production,39,B,N,1.0,ea,191,302,PRODUCTION FOOD,62728,N,1.0,1.0,ea,2,Food,N,0,,,
250862,00022959,95.58,I-62868,1.0,3.39,3.39,ea,3.39,CK|G&G|Pot|Blueberry Chia.,2023-03-03,1 - Production,39,B,N,1.0,ea,191,302,PRODUCTION FOOD,62726,N,1.0,1.0,ea,2,Food,N,0,,34.0,berries
250888,00022947,250.56,I-62869,1.0,3.24,3.24,ea,3.24,CK|G&G|Pot|Chia Pudding.,2023-03-02,1 - Production,27,B,N,1.0,ea,191,302,PRODUCTION FOOD,62725,N,1.0,1.0,ea,2,Food,N,0,,26.0,tree nuts and seeds
250887,00022961,83.07,I-62883,1.0,4.28,4.28,ea,4.28,CK|G&G|Pot|YogurtSeasonal,2023-03-03,1 - Production,27,B,N,1.0,ea,191,302,PRODUCTION FOOD,62729,N,1.0,1.0,ea,2,Food,N,0,,,
250863,00022949,98.11,I-62884,1.0,4.96,4.96,ea,4.96,CK|G&G|Salad|Kale Caesar.,2023-03-02,1 - Production,39,B,N,1.0,ea,191,302,PRODUCTION FOOD,62706,N,1.0,1.0,ea,2,Food,N,0,,36.0,cabbages and other brassicas (broccoli)
248863,0248862,-58.88,I-62885,-2.0,-13.5,-13.5,ea,6.75,CK|G&G|Salad|KaleCaesarw/Chick,2023-03-15,STORE: Orchard Commons Dining Room,82,F,N,-2.0,ea,231,302,PRODUCTION FOOD,62708,N,1.0,1.0,ea,2,Food,N,0,,4.0,"poultry (chicken, turkey)"
250863,00022949,98.11,I-62888,1.0,5.32,5.32,ea,5.32,CK|G&G|Salad|Med Chickpea.,2023-03-02,1 - Production,39,B,N,1.0,ea,191,302,PRODUCTION FOOD,62719,N,1.0,1.0,ea,2,Food,N,0,,16.0,other legumes
250863,00022949,98.11,I-62889,1.0,7.94,7.94,ea,7.94,CK|G&G|Salad|MedChickpea w/sal,2023-03-02,1 - Production,39,B,N,1.0,ea,191,302,PRODUCTION FOOD,62720,N,1.0,1.0,ea,2,Food,N,0,,12.0,fish (finfish)
250887,00022961,83.07,I-62890,1.0,3.81,3.81,ea,3.81,CK|G&G|Pot|Seasonal Fruit.,2023-03-03,1 - Production,27,B,N,1.0,ea,191,302,PRODUCTION FOOD,62723,N,1.0,1.0,ea,2,Food,N,0,,35.0,citrus fruit 
249661,9001238078,8418.19,I-62910,1.0,87.94,87.94,cs,87.94,BAG PPR W/HNDL KRAFT 13X7X13IN,2023-03-20,GORDON FOOD SERVICE (GFS),9,B,N,200.0,each,26,24,DISPOSABLES,1411619,N,1.0,200.0,cs,4,Misc. ,N,0,,61.0,kitchen supplies
247874,9001070944,8370.49,I-62911,1.0,72.18,72.18,cs,72.18,BAR BROWNIE TRIPLE CHOC CHUCK ,2023-03-01,GORDON FOOD SERVICE (GFS),51,B,N,2.0,SHEET,26,19,BAKED GOODS,6999005,N,1.0,2.0,cs,2,Food,N,0,,24.0,"wheat/rye (bread, pasta, baked goods)"
252009,9001470438,8409.18,I-62930,5.0,319.9,319.9,cs,63.98,FRIES STK CUT LENGTH CRINKLE B,2023-04-14,GORDON FOOD SERVICE (GFS),9,B,Y,150.0,bag,26,4,PRODUCE,2343268,N,5.0,6.0,cs,2,Food,N,0,,41.0,potatoes
248505,9001133184,903.53,I-63023,3.0,31.26,31.26,CA,10.42,CHIP PRINGLE SOUR CRM,2023-03-08,GORDON FOOD SERVICE (GFS),82,B,N,120.0,each,26,21,CANDIES SNACKS,1215008,N,1.0,40.0,CA,7,Candy ,N,0,,41.0,potatoes
248505,9001133184,903.53,I-63024,2.0,20.84,20.84,CA,10.42,CHIP PRINGLES BBQ,2023-03-08,GORDON FOOD SERVICE (GFS),82,B,N,80.0,each,26,21,CANDIES SNACKS,1242780,N,1.0,40.0,CA,7,Candy ,N,0,,41.0,potatoes
248158,71991052,440.67,I-63569,1.0,120.65,120.65,cs,120.65,CAKE GF CHOCO MOLTEN,2023-03-03,SNOW CAP ENTERPRISES LTD.,2,B,Y,36.0,ea,54,19,BAKED GOODS,GSGFCOUL36,N,1.0,36.0,cs,2,Food,Y,0,,52.0,cocoa
248888,0248887,-676.69,I-63683,-3.0,-3.75,-3.75,ea,1.25,BISCUITS HAM&CHEESE EA,2023-03-16,STORE: LAW CC00556,41,F,N,-3.0,ea,285,19,BAKED GOODS,901,N,1.0,1.0,ea,2,Food,N,0,,24.0,"wheat/rye (bread, pasta, baked goods)"
249407,0249406,-265.27,I-63688,-4.0,-10.8,-10.8,ea,2.7,PIES HANDPIE APPLE EACH,2023-03-21,STORE: LAW CC00556,41,F,N,-4.0,ea,285,19,BAKED GOODS,1003,N,1.0,1.0,ea,2,Food,N,0,,32.0,apples
248888,0248887,-676.69,I-63690,-12.0,-35.4,-35.4,ea,2.95,SAUSAGE ROLL EACH,2023-03-16,STORE: LAW CC00556,41,F,N,-12.0,ea,285,19,BAKED GOODS,82,N,1.0,1.0,ea,2,Food,N,0,,3.0,pork (pig meat)
249407,0249406,-265.27,I-63691,-8.0,-23.6,-23.6,ea,2.95,CHICKEN ROLL EACH,2023-03-21,STORE: LAW CC00556,41,F,N,-8.0,ea,285,19,BAKED GOODS,83,N,1.0,1.0,ea,2,Food,N,0,,4.0,"poultry (chicken, turkey)"
252688,3196410544,754.7,I-63749,1.0,36.09,36.09,cs,36.09,CORE POWER CHOC ELITE,2023-04-13,COCA-COLA BOTTLING CO.,78,B,N,12.0,414ML,14,2,BEVERAGE,1371025,N,1.0,12.0,cs,2,Food,N,0,,55.0,water & beverages
250862,00022959,95.58,I-63977,1.0,3.5,3.5,ea,3.5,CK|G&G|Pot|Chia Seasonal ,2023-03-03,1 - Production,39,B,N,1.0,ea,191,302,PRODUCTION FOOD,63974,N,1.0,1.0,ea,2,Food,N,0,,26.0,tree nuts and seeds
249555,0000864146,860.65,I-64224,8.0,55.6,55.6,ea,6.95,HT BIRTHDAY CAKE,2023-03-15,TRANSCOLD DISTRIBUTION LTD.,82,B,N,8.0,ea,57,28,ICECREAM/NOVELTY/GELATO,HT100805,N,1.0,1.0,ea,2,Food,N,0,,7.0,ice cream
251366,0000869048,698.83,I-64225,8.0,55.6,55.6,ea,6.95,HT CANDY BAR,2023-04-05,TRANSCOLD DISTRIBUTION LTD.,82,B,N,8.0,ea,57,28,ICECREAM/NOVELTY/GELATO,HT100806,N,1.0,1.0,ea,2,Food,N,0,,7.0,ice cream
251366,0000869048,698.83,I-64228,8.0,55.6,55.6,ea,6.95,HT SEA SALT CARAMEL,2023-04-05,TRANSCOLD DISTRIBUTION LTD.,82,B,N,8.0,ea,57,28,ICECREAM/NOVELTY/GELATO,HT100804,N,1.0,1.0,ea,2,Food,N,0,,7.0,ice cream
248072,3192768230,740.23,I-64234,1.0,31.67,31.67,cs,31.67,CORE POWER BANANA 414ML,2023-03-02,COCA-COLA BOTTLING CO.,79,B,N,12.0,414ML,14,2,BEVERAGE,1422790,N,1.0,12.0,cs,2,Food,N,0,,33.0,bananas
248323,6881113083,217.89,I-64297,12.0,44.4,44.4,un,3.7,CREAM WHIP AERO 225ML 19%,2023-03-02,SAPUTO DAIRY PRODUCTS,81,B,Y,12.0,un,52,9,DAIRY,150665,N,1.0,1.0,un,2,Food,Y,0,,8.0,cream
251619,550837,136.8,I-64320,3.0,6.18,6.18,ea,2.06,BROWNIE VEGAN EACH,2023-04-10,Sevco Enterprises Ltd.,81,B,N,3.0,ea,530,16,FOOD - GROCERY,PFB010V,N,1.0,1.0,ea,2,Food,N,0,,24.0,"wheat/rye (bread, pasta, baked goods)"
248184,548365,242.1,I-64323,8.0,12.32,12.32,each,1.54,SCONE LEMON CRAN ,2023-03-07,Sevco Enterprises Ltd.,81,B,Y,8.0,each,530,19,BAKED GOODS,PFS030,N,1.0,1.0,each,2,Food,Y,0,,24.0,"wheat/rye (bread, pasta, baked goods)"
248686,9001094263,4305.55,I-6441,1.0,60.87,60.87,cs,60.87,AVOCADO GRN 60-70 CT,2023-03-03,GORDON FOOD SERVICE (GFS),16,B,Y,65.0,CT,26,4,PRODUCE,1176301,N,1.0,65.0,cs,2,Food,N,0,,40.0,other vegetables
249752,9001238074,2475.89,I-64431,1.0,31.38,31.38,CA,31.38,CORE POWER STRAW 414ML,2023-03-20,GORDON FOOD SERVICE (GFS),88,B,N,12.0,414ML,26,2,BEVERAGE,1423924,N,1.0,12.0,CA,2,Food,N,0,,55.0,water & beverages
247794,0000860981,640.45,I-64523,8.0,55.6,55.6,ea,6.95,HT CHOC CHP CK DOUGH,2023-03-01,TRANSCOLD DISTRIBUTION LTD.,82,B,N,8.0,ea,57,28,ICECREAM/NOVELTY/GELATO,HT100800,N,1.0,1.0,ea,2,Food,N,0,,7.0,ice cream
249555,0000864146,860.65,I-64524,8.0,55.6,55.6,ea,6.95,HT CHOCOLATE,2023-03-15,TRANSCOLD DISTRIBUTION LTD.,82,B,N,8.0,ea,57,28,ICECREAM/NOVELTY/GELATO,HT100802,N,1.0,1.0,ea,2,Food,N,0,,7.0,ice cream
247794,0000860981,640.45,I-64525,8.0,55.6,55.6,ea,6.95,HT MINT CHIP,2023-03-01,TRANSCOLD DISTRIBUTION LTD.,82,B,N,8.0,ea,57,28,ICECREAM/NOVELTY/GELATO,HT100808,N,1.0,1.0,ea,2,Food,N,0,,7.0,ice cream
247794,0000860981,640.45,I-64528,8.0,55.6,55.6,ea,6.95,HT VANILLA BEAN,2023-03-01,TRANSCOLD DISTRIBUTION LTD.,82,B,N,8.0,ea,57,28,ICECREAM/NOVELTY/GELATO,HT100801,N,1.0,1.0,ea,2,Food,N,0,,7.0,ice cream
249555,0000864146,860.65,I-64529,8.0,55.6,55.6,ea,6.95,HT PNT BUTR SWIRL,2023-03-15,TRANSCOLD DISTRIBUTION LTD.,82,B,N,8.0,ea,57,28,ICECREAM/NOVELTY/GELATO,HT100803,N,1.0,1.0,ea,2,Food,N,0,,7.0,ice cream
248078,05197369,8103.25,I-64786,112.94,1284.13,1284.13,Kg,11.37,BEEF OUTSIDE FLATS AAA FR,2023-03-02,CENTENNIAL FOODSERVICE,81,B,Y,112.94,Kg,11,5,MEAT,41624,N,1.0,1.0,Kg,2,Food,N,0,,1.0,beef & buffalo meat
252018,365701,436.5,I-64918,2.0,32.4,32.4,DOZ,16.2,COOKIE PEANUT BUTTER CHOCOLATE,2023-04-15,Trump food,82,B,N,24.0,each,253,19,BAKED GOODS,312,N,1.0,12.0,DOZ,2,Food,N,0,,52.0,cocoa
250832,365351,352.5,I-64919,2.0,84.0,84.0,DOZ,42.0,CAKE LAVA EACH,2023-03-28,Trump food,82,B,N,24.0,each,253,19,BAKED GOODS,622,N,1.0,12.0,DOZ,2,Food,N,0,,24.0,"wheat/rye (bread, pasta, baked goods)"
248562,365081,737.7,I-64920,2.0,84.0,84.0,DOZ,42.0,CAKE CARROT,2023-03-11,Trump food,82,B,N,24.0,each,253,19,BAKED GOODS,602,N,1.0,12.0,DOZ,2,Food,N,0,,24.0,"wheat/rye (bread, pasta, baked goods)"
249778,0000865592,689.71,I-65518,8.0,46.9,46.9,pak,5.86,MELONA MELON,2023-03-22,TRANSCOLD DISTRIBUTION LTD.,88,B,N,64.0,pak,57,28,ICECREAM/NOVELTY/GELATO,,N,8.0,1.0,pak,2,Food,N,0,,7.0,ice cream
248075,0000860995,505.45,I-65519,8.0,46.9,46.9,pak,5.86,MELONA STRAWBERRY,2023-03-01,TRANSCOLD DISTRIBUTION LTD.,79,B,N,64.0,pak,57,28,ICECREAM/NOVELTY/GELATO,M1832083,N,8.0,1.0,pak,2,Food,N,0,,7.0,ice cream
248075,0000860995,505.45,I-65520,8.0,46.9,46.9,pak,5.86,MELONA BANANA,2023-03-01,TRANSCOLD DISTRIBUTION LTD.,79,B,N,64.0,cs,57,28,ICECREAM/NOVELTY/GELATO,M1832085,N,8.0,1.0,cs,2,Food,N,0,,7.0,ice cream
250518,0000867164,868.1,I-65521,8.0,46.9,46.9,pak,5.86,MELONA MANGO,2023-03-29,TRANSCOLD DISTRIBUTION LTD.,88,B,N,64.0,pak,57,28,ICECREAM/NOVELTY/GELATO,M1832087,N,8.0,1.0,pak,2,Food,N,0,,7.0,ice cream
251280,05203135,5070.46,I-65580,17.54,114.89,114.89,Kg,6.55,PORK LOIN STRAP ON BNLS,2023-04-03,CENTENNIAL FOODSERVICE,9,B,Y,17.54,Kg,11,5,MEAT,55454,N,1.0,1.0,Kg,2,Food,Y,0,,3.0,pork (pig meat)
248075,0000860995,505.45,I-65588,8.0,46.9,46.9,pak,5.86,MELONA UBE/PURPLE ,2023-03-01,TRANSCOLD DISTRIBUTION LTD.,79,B,N,64.0,pak,57,28,ICECREAM/NOVELTY/GELATO,M1836671,N,8.0,1.0,pak,2,Food,N,0,,7.0,ice cream
248505,9001133184,903.53,I-65764,1.0,53.88,53.88,cs,53.88,BROWNIE TWO BITE 70g BAG,2023-03-08,GORDON FOOD SERVICE (GFS),82,B,N,40.0,bag,26,19,BAKED GOODS,1108678,N,1.0,40.0,cs,2,Food,N,0,,24.0,"wheat/rye (bread, pasta, baked goods)"
247972,9001070965,4973.26,I-65801,1.0,99.73,99.73,cs,99.73,CREAM WHIP 33% 946ML,2023-03-01,GORDON FOOD SERVICE (GFS),9,B,N,15136.0,un,26,9,DAIRY,130433,N,946.0,1.0,un,2,Food,N,0,,8.0,cream
248709,0000861026,781.9,I-66011,1.0,39.5,39.5,ea,39.5,MAGNUM STRAW N CREAM,2023-03-01,TRANSCOLD DISTRIBUTION LTD.,78,B,N,1.0,cs,57,28,ICECREAM/NOVELTY/GELATO,68607429,N,12.0,1.0,cs,2,Food,N,0,,8.0,cream
248075,0000860995,505.45,I-66012,1.0,39.5,39.5,ea,39.5,MAGNUM ALMOND,2023-03-01,TRANSCOLD DISTRIBUTION LTD.,79,B,N,1.0,cs,57,28,ICECREAM/NOVELTY/GELATO,68607431,N,12.0,1.0,cs,2,Food,N,0,,26.0,tree nuts and seeds
248316,1061818518,931.0,I-66105,2.0,124.0,124.0,cs,62.0,PEARS ANJOU(70CT),2023-03-03,FRESH POINT,81,B,Y,140.0,ea,23,4,PRODUCE,0134104,N,1.0,70.0,cs,2,Food,Y,0,,31.0,other fruits
251196,76349,358.2,I-66108,4.0,358.2,358.2,cs,89.55,SPRING ROLL VEG + 45g,2023-03-31,HON'S WUN-TUN HOUSE,81,B,N,18000.0,POUCH,109,16,FOOD - GROCERY,01730,N,1125.0,4.0,cs,2,Food,N,0,,40.0,other vegetables
250465,1851955,1499.0,I-66188,100.0,1499.0,1499.0,lb,14.99,SAL COHO FLT S/ON OW PBO FRZ,2023-03-27,INTERCITY PACKERS LTD (Albion),9,B,Y,100.0,lb,2,14,SEAFOOD,21106110,N,1.0,1.0,lb,2,Food,Y,0,,12.0,fish (finfish)
248086,9001070978,520.6,I-66298,1.0,27.88,27.88,CA,27.88,RICE BRN WHL GRAIN PARBOIL,2023-03-01,GORDON FOOD SERVICE (GFS),39,B,N,10.0,Kg,26,16,FOOD - GROCERY,1380362,N,1.0,10.0,CA,2,Food,N,0,,25.0,rice
251831,00023247,301.21,I-67291,1.0,12.0,12.0,ea,12.0,CK|EASTER|Cookeis Egg|6 ea,2023-04-03,1 - Production,27,B,N,6.0,CT,191,302,PRODUCTION FOOD,67290,N,1.0,6.0,ea,2,Food,N,0,,43.0,sugars and sweeteners
248361,1061818910,124.1,I-6780,1.0,34.6,34.6,cs,34.6,MUSHROOM CHEF MIX 5LB,2023-03-06,FRESH POINT,2,B,Y,5.0,lb,23,4,PRODUCE,0244784,N,1.0,5.0,cs,2,Food,Y,0,,54.0,stimulants & spices misc.
247874,9001070944,8370.49,I-68112,1.0,40.53,40.53,cs,40.53,YOGURT YOGGU VANILLA COCONUT,2023-03-01,GORDON FOOD SERVICE (GFS),51,B,N,3.5,Kg,26,9,DAIRY,1436137,N,1.0,3.5,cs,2,Food,N,0,,10.0,yogurt
248844,9001112005,5870.81,I-68648,1.0,45.54,45.54,cs,45.54,TOPPING CHOC SYRP GF EZ FLOW ,2023-03-06,GORDON FOOD SERVICE (GFS),81,B,N,12.0,bag,26,16,FOOD - GROCERY,2386805,N,1.5,8.0,cs,2,Food,N,0,,,
251843,00023314,404.3,I-68670,2.0,32.04,32.04,ea,16.02,CK|BUN|Cinnamon|Sm 12ea|Unbake,2023-04-10,1 - Production,9,B,N,2.0,ea,191,302,PRODUCTION FOOD,68653,N,1.0,1.0,ea,2,Food,N,0,,24.0,"wheat/rye (bread, pasta, baked goods)"
250994,0250993,-80.0,I-68671,-1.0,-80.0,-80.0,ea,80.0,CK|CAKE|Ponderosa Full Slab,2023-04-03,STORE: TOTEM CC00538,81,F,N,-1.0,ea,178,302,PRODUCTION FOOD,68654,N,1.0,1.0,ea,2,Food,N,0,,24.0,"wheat/rye (bread, pasta, baked goods)"
251068,00022933,434.22,I-68677,2.0,24.0,24.0,ea,12.0,CK|BS|FILLING|Pastry Cream 1kg,2023-03-01,1 - Production,81,B,N,2.0,ea,191,302,PRODUCTION FOOD,68660,N,1.0,1.0,ea,2,Food,N,0,,8.0,cream
251066,00022954,641.26,I-68678,3.0,45.0,45.0,ea,15.0,CK|BS|FILLING|Seasonal (1kg),2023-03-03,1 - Production,81,B,N,3.0,ea,191,302,PRODUCTION FOOD,68661,N,1.0,1.0,ea,2,Food,N,0,,,
251068,00022933,434.22,I-68679,1.0,18.0,18.0,ea,18.0,CK|BS|SPONGE|Vanilla (1sheet),2023-03-01,1 - Production,81,B,N,1.0,ea,191,302,PRODUCTION FOOD,68662,N,1.0,1.0,ea,2,Food,N,0,,61.0,kitchen supplies
251049,00023158,518.5,I-68680,1.0,18.0,18.0,ea,18.0,CK|BS|SPONGE|Chocolate (1sheet,2023-03-24,1 - Production,81,B,N,1.0,ea,191,302,PRODUCTION FOOD,68663,N,1.0,1.0,ea,2,Food,N,0,,52.0,cocoa
250915,00022951,362.14,I-68681,1.0,75.0,75.0,ea,75.0,CK|BULK|Seasonal Tapioca (8L),2023-03-03,1 - Production,9,B,N,1.0,ea,191,302,PRODUCTION FOOD,63896,N,1.0,1.0,ea,2,Food,N,0,,38.0,root vegetables
250916,00022940,347.64,I-68682,1.0,70.0,70.0,ea,70.0,CK|BULK|Chai Puddings (8kg),2023-03-02,1 - Production,9,B,N,1.0,ea,191,302,PRODUCTION FOOD,68664,N,1.0,1.0,ea,2,Food,N,0,,43.0,sugars and sweeteners
250917,00022932,313.28,I-68683,1.0,80.0,80.0,ea,80.0,CK|BULK|Overnight Oats(8kg),2023-03-01,1 - Production,9,B,N,1.0,ea,191,302,PRODUCTION FOOD,68665,N,1.0,1.0,ea,2,Food,N,0,,23.0,oats (oatmeal)
247973,9001094224,8190.64,I-68687,1.0,87.49,87.49,cs,87.49,DRINK MANGO CHILI 40PCT 3+1,2023-03-03,GORDON FOOD SERVICE (GFS),9,B,N,12.0,each,26,2,BEVERAGE,1445655,N,1.0,12.0,cs,2,Food,N,0,,55.0,water & beverages
247973,9001094224,8190.64,I-68688,1.0,70.99,70.99,cs,70.99,DRINK FARMSTAND LEMONADE 13P,2023-03-03,GORDON FOOD SERVICE (GFS),9,B,N,12.0,each,26,2,BEVERAGE,1445658,N,1.0,12.0,cs,2,Food,N,0,,55.0,water & beverages
247973,9001094224,8190.64,I-68689,1.0,70.69,70.69,cs,70.69,DRINK TEA BLK CONC 3+1 TETRA,2023-03-03,GORDON FOOD SERVICE (GFS),9,B,N,12.0,each,26,2,BEVERAGE,1445659,N,1.0,12.0,cs,2,Food,N,0,,55.0,water & beverages
249143,71991687,1534.36,I-68697,3.0,79.8,79.8,cs,26.6,BAGUETTE FRENCH 350 g,2023-03-06,SNOW CAP ENTERPRISES LTD.,81,B,N,36.0,ea,54,11,BREAD,OLB4027,N,1.0,12.0,cs,2,Food,N,0,,24.0,"wheat/rye (bread, pasta, baked goods)"
251024,00022950,229.2,I-68714,1.0,7.25,7.25,ea,7.25,CK|G&G|Salad|Asian  w/sal,2023-03-02,1 - Production,41,B,N,1.0,ea,191,302,PRODUCTION FOOD,68647,N,1.0,1.0,ea,2,Food,N,0,,12.0,fish (finfish)
251024,00022950,229.2,I-68715,1.0,5.25,5.25,ea,5.25,CK|G&G|Salad|Asian Power,2023-03-02,1 - Production,41,B,N,1.0,ea,191,302,PRODUCTION FOOD,68644,N,1.0,1.0,ea,2,Food,N,0,,40.0,other vegetables
248553,9001156745,1438.91,I-6874,1.0,61.99,61.99,cs,61.99,SAUCE TABASCO HOT PEPPER,2023-03-10,GORDON FOOD SERVICE (GFS),5,B,N,1704.0,bottle,26,16,FOOD - GROCERY,2768605,N,142.0,12.0,cs,2,Food,N,0,,54.0,stimulants & spices misc.
250350,9001301577,1176.27,I-6875,1.0,53.04,53.04,cs,53.04,CORN WHL KERNEL FRZN,2023-03-27,GORDON FOOD SERVICE (GFS),88,B,Y,12.0,bag,26,4,PRODUCE,1154736,N,2.0,6.0,cs,2,Food,N,0,,22.0,corn (maize) 
250214,72002378,424.6,I-68801,1.0,105.88,105.88,cs,105.88,JAM STRAWBERRY 14kg,2023-03-24,SNOW CAP ENTERPRISES LTD.,51,B,Y,14.0,Kg,54,16,FOOD - GROCERY,SBF14870,N,1.0,14.0,cs,2,Food,Y,0,,34.0,berries
248608,INV1214932,172.32,I-68804,12.0,172.32,172.32,bottle,14.36,SYRUP TORANI WATERMELON SF,2023-03-03,BRUCE AND CLARK FOOD SERVICE,51,B,Y,9000.0,bottle,6,2,BEVERAGE,TORSYSF-WATERMELON,N,750.0,12.0,cs,2,Food,Y,0,,43.0,sugars and sweeteners
250449,INV1215307,152.52,I-68805,12.0,152.52,152.52,cs,12.71,SYRUP MONIN PEACH SF,2023-03-23,BRUCE AND CLARK FOOD SERVICE,81,B,Y,108000.0,bottle,6,2,BEVERAGE,MONSYSF-PEACH,N,750.0,12.0,cs,2,Food,N,0,,43.0,sugars and sweeteners
248607,INV1214931,407.66,I-68806,2.0,26.92,26.92,bottle,13.46,SYRUP MONIN RASHPEBERRY SF,2023-03-03,BRUCE AND CLARK FOOD SERVICE,51,B,Y,1500.0,bottle,6,2,BEVERAGE,MONSYSF-RASP,N,750.0,12.0,cs,2,Food,Y,0,,43.0,sugars and sweeteners
249082,9001185348,1269.12,I-6882,2.0,89.92,89.92,pak,44.96,PUMPKIN RST 3KG,2023-03-14,GORDON FOOD SERVICE (GFS),83,B,N,6.0,cs,26,16,FOOD - GROCERY,1062169,N,3.0,1.0,cs,2,Food,N,0,,26.0,tree nuts and seeds
251159,05202740,2527.95,I-68831,116.84,1712.87,1712.87,Kg,14.66,TURKEY RST COMBO RAW SEAS,2023-03-31,CENTENNIAL FOODSERVICE,9,B,N,116.84,Kg,11,30,POULTRY,62728,N,1.0,1.0,Kg,2,Food,N,0,,4.0,"poultry (chicken, turkey)"
252100,0252099,-153.3,I-68931,-18.0,-37.8,-37.8,each,2.1,CANDIED SALT CARAMEL,2023-04-19,STORE: Orchard Commons Dining Room,82,F,N,-18.0,each,231,21,CANDIES SNACKS,KK052117,N,1.0,1.0,each,7,Candy ,N,0,,56.0,salt
252100,0252099,-153.3,I-68932,-12.0,-25.2,-25.2,each,2.1,CANDIED COCONUT CASH,2023-04-19,STORE: Orchard Commons Dining Room,82,F,N,-12.0,each,231,21,CANDIES SNACKS,KK052116,N,1.0,1.0,each,7,Candy ,N,0,,43.0,sugars and sweeteners
252100,0252099,-153.3,I-68933,-14.0,-29.4,-29.4,each,2.1,CANDIED COCONUT ALMO,2023-04-19,STORE: Orchard Commons Dining Room,82,F,N,-14.0,each,231,21,CANDIES SNACKS,KK051093,N,1.0,1.0,each,7,Candy ,N,0,,43.0,sugars and sweeteners
252100,0252099,-153.3,I-68934,-14.0,-29.4,-29.4,each,2.1,CANDIED IRISH CREAM,2023-04-19,STORE: Orchard Commons Dining Room,82,F,N,-14.0,each,231,21,CANDIES SNACKS,KK051095,N,1.0,1.0,each,7,Candy ,N,0,,8.0,cream
249846,9001238094,6740.16,I-6896,2.0,307.9,307.9,cs,153.95,CLEANER FLOOR MAXXX DUAL ACT,2023-03-20,GORDON FOOD SERVICE (GFS),81,B,N,2.0,JUG,26,22,CLEANING,1207714,N,1.0,1.0,cs,4,Misc. ,N,0,,61.0,kitchen supplies
252100,0252099,-153.3,I-69025,-15.0,-31.5,-31.5,each,2.1,CANDIED CINNAMON ALMOND,2023-04-19,STORE: Orchard Commons Dining Room,82,F,N,-15.0,each,231,21,CANDIES SNACKS,KK051094,N,1.0,1.0,each,7,Candy ,N,0,,26.0,tree nuts and seeds
248601,43,1765.8,I-69060,5.0,490.5,490.5,cs,98.1,PATTIES CAULI SPICE,2023-03-10,PLANETARY KITCHENS INC.,51,B,N,17000.0,cs,649,5,MEAT,8495765,N,3400.0,1.0,cs,2,Food,N,0,,1.0,beef & buffalo meat
248601,43,1765.8,I-69061,5.0,490.5,490.5,cs,98.1,PATTIES SHROOM ,2023-03-10,PLANETARY KITCHENS INC.,51,B,N,17000.0,cs,649,5,MEAT,8495766,N,3400.0,1.0,cs,2,Food,N,0,,1.0,beef & buffalo meat
248601,43,1765.8,I-69062,4.0,392.4,392.4,cs,98.1,PATTIES FAUX REAL,2023-03-10,PLANETARY KITCHENS INC.,51,B,N,13600.0,cs,649,5,MEAT,8495767,N,3400.0,1.0,cs,2,Food,N,0,,1.0,beef & buffalo meat
248601,43,1765.8,I-69063,4.0,392.4,392.4,cs,98.1,PATTIES HARVEST ,2023-03-10,PLANETARY KITCHENS INC.,51,B,N,13600.0,cs,649,5,MEAT,8495768,N,3400.0,1.0,cs,2,Food,N,0,,1.0,beef & buffalo meat
252329,551391,153.52,I-69069,8.0,13.2,13.2,ea,1.65,SCONE BLUEBERRY CRANBERYY GLAZ,2023-04-18,Sevco Enterprises Ltd.,9,B,Y,8.0,ea,530,19,BAKED GOODS,PFS010,N,1.0,1.0,ea,2,Food,N,0,,24.0,"wheat/rye (bread, pasta, baked goods)"
251924,2321502,625.86,I-69070,10.0,147.5,147.5,lb,14.75,COFFEE SALT SPRING BLUE HERON ,2023-04-11,CANTEEN OF CANADA  LTD,51,B,N,10.0,lb,650,2,BEVERAGE,,N,1.0,1.0,lb,2,Food,N,0,,56.0,salt
252460,2322404,340.74,I-69071,12.0,177.0,177.0,lb,14.75,COFFEE SALT SPRING VILLAGE TRA,2023-04-20,CANTEEN OF CANADA  LTD,81,B,N,12.0,lb,650,2,BEVERAGE,,N,1.0,1.0,lb,2,Food,N,0,,56.0,salt
249814,23119744,401.56,I-69072,1.0,25.0,25.0,ROLL,25.0,FILTER PAPER STARBUCKS,2023-03-23,CANTEEN OF CANADA  LTD,81,B,N,1.0,ROLL,650,2,BEVERAGE,,N,1.0,1.0,ROLL,2,Food,N,0,,55.0,water & beverages
247997,2317710,870.0,I-69073,12.0,155.88,155.88,bag,12.99,POWDER FRENCH VANI CAPPUCC 2# ,2023-03-02,CANTEEN OF CANADA  LTD,9,B,N,24.0,bag,650,2,BEVERAGE,,N,2.0,1.0,bag,2,Food,N,0,,54.0,stimulants & spices misc.
248439,2318423,373.56,I-69074,12.0,131.88,131.88,bag,10.99,POWDER HOT CHOCOLATE VENDING,2023-03-09,CANTEEN OF CANADA  LTD,81,B,N,24.0,bag,650,2,BEVERAGE,,N,2.0,1.0,bag,2,Food,N,0,,52.0,cocoa
250627,442212187,-16.12,I-6908,-1.0,-16.12,-16.12,cs,16.12,MUSHROOM SLICED,2023-03-20,SYSCO,21,C,N,-2.27,Kg,119,4,PRODUCE,1149395,N,1.0,12.0,cs,2,Food,N,0,,,
249107,FT13-06-2023,102.0,I-69452,14.0,42.0,42.0,HEAD,3.0,LETTUCE BUTTERHEAD,2023-03-13,QUANTOTECH SOLUTIONS LTD,9,B,N,14.0,HEAD,659,4,PRODUCE,,N,1.0,1.0,HEAD,2,Food,N,0,,40.0,other vegetables
249618,FT03-20-2023,87.0,I-69453,7.0,21.0,21.0,HEAD,3.0,ROMAINE BC,2023-03-20,QUANTOTECH SOLUTIONS LTD,51,B,N,7.0,HEAD,659,4,PRODUCE,,N,1.0,1.0,HEAD,2,Food,N,0,,40.0,other vegetables
248417,0427572,126.18,I-69627,2.0,58.52,58.52,bag,29.26,MILK OAT PLANT VEDA,2023-03-01,PLANT VEDA FOODS LTD,81,B,N,20.0,bag,662,9,DAIRY,O000319 ,N,10.0,1.0,bag,2,Food,N,0,,28.0,oat milk
248417,0427572,126.18,I-69628,2.0,67.66,67.66,bag,33.83,MILK CHOC OAT PLANT VEDA,2023-03-01,PLANT VEDA FOODS LTD,81,B,N,20.0,bag,662,9,DAIRY,O000333,N,10.0,1.0,bag,2,Food,N,0,,28.0,oat milk
249058,FT03-06-2023,105.0,I-69725,-5.0,-15.0,-15.0,HEAD,3.0,LETTUCE GREENLEAF,2023-03-06,QUANTOTECH SOLUTIONS LTD,51,B,N,-5.0,HEAD,659,4,PRODUCE,,N,1.0,1.0,HEAD,2,Food,N,0,,40.0,other vegetables
248479,GP03-06-2023,105.0,I-69726,-5.0,-15.0,-15.0,HEAD,3.0,LETTUCE RED LOOSELEAF,2023-03-06,QUANTOTECH SOLUTIONS LTD,9,B,N,-5.0,HEAD,659,4,PRODUCE,,N,1.0,1.0,HEAD,2,Food,N,0,,40.0,other vegetables
249674,498,1690.8,I-69727,50.0,302.0,302.0,ea,6.04,BURRITO SPICY BEAN CHEESE,2023-03-17,BRIGHTSIDE BURRITO SHOP INC.,9,B,Y,50.0,ea,665,16,FOOD - GROCERY,BSF-103,N,1.0,1.0,ea,2,Food,N,0,,17.0,beans and pulses (dried)
251183,494,1992.6,I-69728,50.0,284.5,284.5,ea,5.69,BURRITO SPICY BEAN VEGAN,2023-03-30,BRIGHTSIDE BURRITO SHOP INC.,81,B,Y,50.0,ea,665,16,FOOD - GROCERY,BSFS-104,N,1.0,1.0,ea,2,Food,N,0,,17.0,beans and pulses (dried)
248856,9001156740,8299.81,I-69988,1.0,54.72,54.72,cs,54.72,BURGER VEG BLACK BEAN SPICY,2023-03-10,GORDON FOOD SERVICE (GFS),81,B,N,48.0,each,26,16,FOOD - GROCERY,1201996,N,1.0,48.0,cs,2,Food,N,0,,17.0,beans and pulses (dried)
251624,72009166,1187.67,I-70023,6.0,327.18,327.18,cs,54.53,BUN BRIOCHE HOTDOG 6 INCH,2023-04-05,SNOW CAP ENTERPRISES LTD.,81,B,Y,432.0,each,54,11,BREAD,ICB5951,N,1.0,72.0,cs,2,Food,Y,0,,24.0,"wheat/rye (bread, pasta, baked goods)"
249032,0000860923,906.35,I-70413,2.0,96.0,96.0,TUB,48.0,ICE CREAM CHOC CHIP MINT 11.4L,2023-03-01,TRANSCOLD DISTRIBUTION LTD.,51,B,N,22.8,TUB,57,28,ICECREAM/NOVELTY/GELATO,IF606175,N,11.4,1.0,TUB,2,Food,N,0,,7.0,ice cream
251629,0000869104,968.35,I-70666,4.0,192.0,192.0,TUB,48.0,ICE CREAM CHOC.CH DOUGH 11.4L,2023-04-05,TRANSCOLD DISTRIBUTION LTD.,81,B,Y,45.6,TUB,57,28,ICECREAM/NOVELTY/GELATO,IF606173,N,11.4,1.0,TUB,2,Food,N,0,,7.0,ice cream
249032,0000860923,906.35,I-70667,2.0,96.0,96.0,TUB,48.0,ICE CREAM BIRTHDAY CAKE 11.4L,2023-03-01,TRANSCOLD DISTRIBUTION LTD.,51,B,Y,22.8,TUB,57,28,ICECREAM/NOVELTY/GELATO,IF606238,N,11.4,1.0,TUB,2,Food,N,0,,7.0,ice cream
252207,INV1215570,1198.68,I-70669,6.0,76.26,76.26,750ML,12.71,SYRUP MONIN PINEAPPLE 750ML,2023-04-05,BRUCE AND CLARK FOOD SERVICE,81,B,N,6.0,750ML,6,2,BEVERAGE,MONSY-PINEAPPLE,N,1.0,1.0,750ML,2,Food,N,0,,43.0,sugars and sweeteners
252207,INV1215570,1198.68,I-70670,6.0,76.26,76.26,750ML,12.71,SYRUP MONIN PASSIONFRUIT 750ML,2023-04-05,BRUCE AND CLARK FOOD SERVICE,81,B,N,6.0,750ML,6,2,BEVERAGE,MONSY-PASSIONFRUIT,N,1.0,1.0,750ML,2,Food,N,0,,43.0,sugars and sweeteners
251066,00022954,641.26,I-70754,1.0,18.0,18.0,ea,18.0,CK|BS|SPONGE|Seasonal (1sheet),2023-03-03,1 - Production,81,B,N,1.0,ea,191,302,PRODUCTION FOOD,70749,N,1.0,1.0,ea,2,Food,N,0,,61.0,kitchen supplies
250914,00022966,357.14,I-70756,1.0,70.0,70.0,ea,70.0,CK|BULK|Seasonal Chia/ Oat 8kg,2023-03-04,1 - Production,9,B,N,1.0,ea,191,302,PRODUCTION FOOD,70751,N,1.0,1.0,ea,2,Food,N,0,,26.0,tree nuts and seeds
251629,0000869104,968.35,I-70806,4.0,192.0,192.0,TUB,48.0,ICE CREAM ESPRESSO 11.4L,2023-04-05,TRANSCOLD DISTRIBUTION LTD.,81,B,Y,45.6,TUB,57,28,ICECREAM/NOVELTY/GELATO,IF606112,N,11.4,1.0,TUB,2,Food,N,0,,7.0,ice cream
248410,0000860921,1872.55,I-70837,4.0,192.0,192.0,TUB,48.0,ICE CREAM VANILLA 11.4L,2023-03-01,TRANSCOLD DISTRIBUTION LTD.,81,B,Y,45.6,TUB,57,28,ICECREAM/NOVELTY/GELATO,IF606201,N,11.4,1.0,TUB,2,Food,N,0,,7.0,ice cream
247689,5197332,263.28,I-70875,2.0,87.36,87.36,BX,43.68,BEEF MEDIUM GRD,2023-03-02,CENTENNIAL FOODSERVICE,5,B,N,10.0,Kg,11,5,MEAT,52107,N,1.0,5.0,BX,2,Food,N,0,,1.0,beef & buffalo meat
250610,05201907,2085.29,I-7769,41.41,1011.65,1011.65,Kg,24.43,BEEF STEAK FLANK,2023-03-28,CENTENNIAL FOODSERVICE,51,B,Y,41.41,Kg,11,5,MEAT,49515,N,1.0,1.0,Kg,2,Food,Y,0,,1.0,beef & buffalo meat
247563,546291,214.0,I-8100,2.0,12.24,12.24,CT,6.12,LOAF WHWHT 3/4 SANDWICH ,2023-03-01,Sevco Enterprises Ltd.,81,B,N,2.0,CT,530,11,BREAD,ICB5012,N,1.0,1.0,CT,2,Food,Y,0,,24.0,"wheat/rye (bread, pasta, baked goods)"
251645,9001447443,3982.36,I-9381,2.0,51.48,51.48,TUB,25.74,SOUR CREAM 4L GFS,2023-04-12,GORDON FOOD SERVICE (GFS),9,B,Y,8.0,TUB,26,9,DAIRY,1243472,N,4.0,1.0,TUB,2,Food,Y,0,,8.0,cream
